-- phpMyAdmin SQL Dump
-- version 4.7.4
-- https://www.phpmyadmin.net/
--
-- Host: 127.0.0.1:3306
-- Generation Time: Nov 17, 2018 at 11:05 AM
-- Server version: 5.7.19
-- PHP Version: 7.0.23

SET SQL_MODE = "NO_AUTO_VALUE_ON_ZERO";
SET AUTOCOMMIT = 0;
START TRANSACTION;
SET time_zone = "+00:00";


/*!40101 SET @OLD_CHARACTER_SET_CLIENT=@@CHARACTER_SET_CLIENT */;
/*!40101 SET @OLD_CHARACTER_SET_RESULTS=@@CHARACTER_SET_RESULTS */;
/*!40101 SET @OLD_COLLATION_CONNECTION=@@COLLATION_CONNECTION */;
/*!40101 SET NAMES utf8mb4 */;

--
-- Database: `create_api`
--

-- --------------------------------------------------------

--
-- Table structure for table `migrations`
--

DROP TABLE IF EXISTS `migrations`;
CREATE TABLE IF NOT EXISTS `migrations` (
  `id` int(10) UNSIGNED NOT NULL AUTO_INCREMENT,
  `migration` varchar(255) COLLATE utf8_unicode_ci NOT NULL,
  `batch` int(11) NOT NULL,
  PRIMARY KEY (`id`)
) ENGINE=MyISAM AUTO_INCREMENT=19 DEFAULT CHARSET=utf8 COLLATE=utf8_unicode_ci;

--
-- Dumping data for table `migrations`
--

INSERT INTO `migrations` (`id`, `migration`, `batch`) VALUES
(10, '2014_10_12_000000_create_users_table', 1),
(11, '2014_10_12_100000_create_password_resets_table', 1),
(12, '2016_06_01_000001_create_oauth_auth_codes_table', 1),
(13, '2016_06_01_000002_create_oauth_access_tokens_table', 1),
(14, '2016_06_01_000003_create_oauth_refresh_tokens_table', 1),
(15, '2016_06_01_000004_create_oauth_clients_table', 1),
(16, '2016_06_01_000005_create_oauth_personal_access_clients_table', 1),
(17, '2018_11_14_103303_create_products_table', 1),
(18, '2018_11_14_103351_create_reviews_table', 1);

-- --------------------------------------------------------

--
-- Table structure for table `oauth_access_tokens`
--

DROP TABLE IF EXISTS `oauth_access_tokens`;
CREATE TABLE IF NOT EXISTS `oauth_access_tokens` (
  `id` varchar(100) COLLATE utf8_unicode_ci NOT NULL,
  `user_id` int(11) DEFAULT NULL,
  `client_id` int(11) NOT NULL,
  `name` varchar(255) COLLATE utf8_unicode_ci DEFAULT NULL,
  `scopes` text COLLATE utf8_unicode_ci,
  `revoked` tinyint(1) NOT NULL,
  `created_at` timestamp NULL DEFAULT NULL,
  `updated_at` timestamp NULL DEFAULT NULL,
  `expires_at` datetime DEFAULT NULL,
  PRIMARY KEY (`id`),
  KEY `oauth_access_tokens_user_id_index` (`user_id`)
) ENGINE=MyISAM DEFAULT CHARSET=utf8 COLLATE=utf8_unicode_ci;

--
-- Dumping data for table `oauth_access_tokens`
--

INSERT INTO `oauth_access_tokens` (`id`, `user_id`, `client_id`, `name`, `scopes`, `revoked`, `created_at`, `updated_at`, `expires_at`) VALUES
('93bbd8b62d4ae2a218849b96c9689518bd534b081d9c3e64caac1a52b1a05304bca05b9c9b2ee2db', 5, 2, NULL, '[]', 0, '2018-11-17 02:13:08', '2018-11-17 02:13:08', '2019-11-17 07:43:08');

-- --------------------------------------------------------

--
-- Table structure for table `oauth_auth_codes`
--

DROP TABLE IF EXISTS `oauth_auth_codes`;
CREATE TABLE IF NOT EXISTS `oauth_auth_codes` (
  `id` varchar(100) COLLATE utf8_unicode_ci NOT NULL,
  `user_id` int(11) NOT NULL,
  `client_id` int(11) NOT NULL,
  `scopes` text COLLATE utf8_unicode_ci,
  `revoked` tinyint(1) NOT NULL,
  `expires_at` datetime DEFAULT NULL,
  PRIMARY KEY (`id`)
) ENGINE=MyISAM DEFAULT CHARSET=utf8 COLLATE=utf8_unicode_ci;

-- --------------------------------------------------------

--
-- Table structure for table `oauth_clients`
--

DROP TABLE IF EXISTS `oauth_clients`;
CREATE TABLE IF NOT EXISTS `oauth_clients` (
  `id` int(10) UNSIGNED NOT NULL AUTO_INCREMENT,
  `user_id` int(11) DEFAULT NULL,
  `name` varchar(255) COLLATE utf8_unicode_ci NOT NULL,
  `secret` varchar(100) COLLATE utf8_unicode_ci NOT NULL,
  `redirect` text COLLATE utf8_unicode_ci NOT NULL,
  `personal_access_client` tinyint(1) NOT NULL,
  `password_client` tinyint(1) NOT NULL,
  `revoked` tinyint(1) NOT NULL,
  `created_at` timestamp NULL DEFAULT NULL,
  `updated_at` timestamp NULL DEFAULT NULL,
  PRIMARY KEY (`id`),
  KEY `oauth_clients_user_id_index` (`user_id`)
) ENGINE=MyISAM AUTO_INCREMENT=3 DEFAULT CHARSET=utf8 COLLATE=utf8_unicode_ci;

--
-- Dumping data for table `oauth_clients`
--

INSERT INTO `oauth_clients` (`id`, `user_id`, `name`, `secret`, `redirect`, `personal_access_client`, `password_client`, `revoked`, `created_at`, `updated_at`) VALUES
(1, NULL, 'Laravel Personal Access Client', 'Oe6u7iBFOprwrkpvUq5jTer7cdYV4hBpEyGjtwjn', 'http://localhost', 1, 0, 0, '2018-11-17 01:57:05', '2018-11-17 01:57:05'),
(2, NULL, 'Laravel Password Grant Client', 'nmkfdRUqenAcKkdfSj8O4EKcxHAqvj7AZRzaIVII', 'http://localhost', 0, 1, 0, '2018-11-17 01:57:05', '2018-11-17 01:57:05');

-- --------------------------------------------------------

--
-- Table structure for table `oauth_personal_access_clients`
--

DROP TABLE IF EXISTS `oauth_personal_access_clients`;
CREATE TABLE IF NOT EXISTS `oauth_personal_access_clients` (
  `id` int(10) UNSIGNED NOT NULL AUTO_INCREMENT,
  `client_id` int(11) NOT NULL,
  `created_at` timestamp NULL DEFAULT NULL,
  `updated_at` timestamp NULL DEFAULT NULL,
  PRIMARY KEY (`id`),
  KEY `oauth_personal_access_clients_client_id_index` (`client_id`)
) ENGINE=MyISAM AUTO_INCREMENT=2 DEFAULT CHARSET=utf8 COLLATE=utf8_unicode_ci;

--
-- Dumping data for table `oauth_personal_access_clients`
--

INSERT INTO `oauth_personal_access_clients` (`id`, `client_id`, `created_at`, `updated_at`) VALUES
(1, 1, '2018-11-17 01:57:05', '2018-11-17 01:57:05');

-- --------------------------------------------------------

--
-- Table structure for table `oauth_refresh_tokens`
--

DROP TABLE IF EXISTS `oauth_refresh_tokens`;
CREATE TABLE IF NOT EXISTS `oauth_refresh_tokens` (
  `id` varchar(100) COLLATE utf8_unicode_ci NOT NULL,
  `access_token_id` varchar(100) COLLATE utf8_unicode_ci NOT NULL,
  `revoked` tinyint(1) NOT NULL,
  `expires_at` datetime DEFAULT NULL,
  PRIMARY KEY (`id`),
  KEY `oauth_refresh_tokens_access_token_id_index` (`access_token_id`)
) ENGINE=MyISAM DEFAULT CHARSET=utf8 COLLATE=utf8_unicode_ci;

--
-- Dumping data for table `oauth_refresh_tokens`
--

INSERT INTO `oauth_refresh_tokens` (`id`, `access_token_id`, `revoked`, `expires_at`) VALUES
('5d970f51ed13fbd24381d542342291f7a55e1df578ee0c05dec5af4ffb7d741e8ef8be7b2b5366e0', '93bbd8b62d4ae2a218849b96c9689518bd534b081d9c3e64caac1a52b1a05304bca05b9c9b2ee2db', 0, '2019-11-17 07:43:08');

-- --------------------------------------------------------

--
-- Table structure for table `password_resets`
--

DROP TABLE IF EXISTS `password_resets`;
CREATE TABLE IF NOT EXISTS `password_resets` (
  `email` varchar(255) COLLATE utf8_unicode_ci NOT NULL,
  `token` varchar(255) COLLATE utf8_unicode_ci NOT NULL,
  `created_at` timestamp NULL DEFAULT NULL,
  KEY `password_resets_email_index` (`email`)
) ENGINE=MyISAM DEFAULT CHARSET=utf8 COLLATE=utf8_unicode_ci;

-- --------------------------------------------------------

--
-- Table structure for table `products`
--

DROP TABLE IF EXISTS `products`;
CREATE TABLE IF NOT EXISTS `products` (
  `id` int(10) UNSIGNED NOT NULL AUTO_INCREMENT,
  `name` varchar(255) COLLATE utf8_unicode_ci NOT NULL,
  `detail` text COLLATE utf8_unicode_ci NOT NULL,
  `price` int(11) NOT NULL,
  `stock` int(11) NOT NULL,
  `discount` int(11) NOT NULL,
  `user_id` int(10) UNSIGNED NOT NULL,
  `created_at` timestamp NULL DEFAULT NULL,
  `updated_at` timestamp NULL DEFAULT NULL,
  PRIMARY KEY (`id`),
  KEY `products_user_id_index` (`user_id`)
) ENGINE=MyISAM AUTO_INCREMENT=51 DEFAULT CHARSET=utf8 COLLATE=utf8_unicode_ci;

--
-- Dumping data for table `products`
--

INSERT INTO `products` (`id`, `name`, `detail`, `price`, `stock`, `discount`, `user_id`, `created_at`, `updated_at`) VALUES
(2, 'debitis', 'Quis deleniti voluptas quam optio cupiditate dolor vel. Fuga culpa consequatur possimus earum ut alias vero et. Explicabo fugiat est iusto omnis quas.', 934, 4, 27, 1, '2018-11-15 06:29:02', '2018-11-15 06:29:02'),
(3, 'vero', 'Ea praesentium recusandae fuga. Minima suscipit sed necessitatibus eaque quibusdam et. Sint explicabo dolor quo consequuntur.', 356, 1, 6, 1, '2018-11-15 06:29:02', '2018-11-15 06:29:02'),
(4, 'quibusdam', 'Iusto voluptates quo eos numquam. Quia exercitationem eos repellendus minus. Exercitationem eos cumque id veniam molestias. Omnis omnis nulla dolorem et aut ex tempora vel.', 467, 2, 8, 3, '2018-11-15 06:29:02', '2018-11-15 06:29:02'),
(5, 'amet', 'Molestias maiores fugit cumque. Ad aut expedita consectetur amet adipisci beatae magnam. Fugiat veniam officiis veniam quaerat autem rem amet laborum. Quisquam dolorem ut nihil et iste in et. Reprehenderit enim dolor pariatur aliquam explicabo.', 306, 5, 26, 3, '2018-11-15 06:29:02', '2018-11-15 06:29:02'),
(6, 'qui', 'Provident velit perferendis corporis. Et sint excepturi quaerat laboriosam dignissimos. Reiciendis libero corporis vitae ratione voluptatibus consequatur. Sint nobis veritatis eos sunt qui deserunt repudiandae.', 320, 9, 7, 5, '2018-11-15 06:29:02', '2018-11-15 06:29:02'),
(7, 'assumenda', 'Eos rerum eius temporibus mollitia ex excepturi. Et corrupti animi sed aut sed nostrum. Aspernatur dolorem et voluptatem fugit.', 628, 2, 19, 2, '2018-11-15 06:29:02', '2018-11-15 06:29:02'),
(8, 'eum', 'Facere veritatis accusantium et et facilis reprehenderit eos. Omnis est est dolor et culpa molestiae nam quia. Provident est minima consectetur ut velit aut. Deserunt qui unde ullam dicta et dolorum.', 194, 1, 25, 4, '2018-11-15 06:29:02', '2018-11-15 06:29:02'),
(9, 'ad', 'Sit ea neque molestias nihil iusto veniam debitis. Aut non impedit consectetur est cupiditate voluptas similique. Corrupti atque soluta expedita facilis.', 332, 5, 9, 4, '2018-11-15 06:29:02', '2018-11-15 06:29:02'),
(10, 'nisi', 'Qui expedita ipsam ea doloremque dolor a. Sit enim aut ab dolores voluptatibus et. Molestias labore necessitatibus consequatur sed. Quia expedita nesciunt eos.', 528, 0, 2, 4, '2018-11-15 06:29:02', '2018-11-15 06:29:02'),
(11, 'aperiam', 'Velit dolor amet qui consectetur qui sed. Qui eaque nihil ut. Consectetur error quo molestiae unde atque et. Maxime sunt unde sunt quisquam autem doloribus iste.', 212, 5, 16, 5, '2018-11-15 06:29:02', '2018-11-15 06:29:02'),
(12, 'fugit', 'Dolor dolorum quaerat rem omnis deserunt. Aut aut ut quia sed laborum veniam. Accusamus unde exercitationem et libero quia ut.', 824, 5, 6, 2, '2018-11-15 06:29:02', '2018-11-15 06:29:02'),
(13, 'exercitationem', 'Iste culpa accusamus et aut et. Aspernatur quod nisi et quia. Maxime veniam accusamus accusantium. Molestiae nulla nobis doloremque porro molestiae temporibus.', 230, 1, 5, 3, '2018-11-15 06:29:02', '2018-11-15 06:29:02'),
(14, 'sapiente', 'Voluptas sit ea et adipisci. Impedit omnis autem eveniet cumque et ut error. Et vel quia sit corrupti voluptatum. Eveniet quasi voluptatem eveniet tenetur accusantium.', 374, 2, 30, 5, '2018-11-15 06:29:02', '2018-11-15 06:29:02'),
(15, 'quia', 'Rerum doloremque amet dignissimos veritatis minima aliquid. Dicta voluptas aliquid similique sunt dolores. Iure quod natus quidem ut libero maxime. Est quia perspiciatis enim quos.', 438, 3, 20, 4, '2018-11-15 06:29:02', '2018-11-15 06:29:02'),
(16, 'officia', 'Consequatur sapiente dolore commodi dolor ex voluptatem. Quasi rem incidunt repellendus dolore ea. Est rerum enim perspiciatis voluptas qui. In numquam repellat ipsam debitis asperiores facilis qui.', 807, 4, 28, 3, '2018-11-15 06:29:02', '2018-11-15 06:29:02'),
(17, 'sit', 'Mollitia tempora dolorem dolore nam impedit error enim. Quaerat sit qui voluptatem qui. Unde unde maxime reiciendis.', 454, 9, 25, 3, '2018-11-15 06:29:02', '2018-11-15 06:29:02'),
(18, 'debitis', 'Ut impedit aut maxime consequatur iure. Perferendis officia voluptatem fuga quas consequatur. Aut reiciendis quidem saepe suscipit aut.', 142, 5, 4, 5, '2018-11-15 06:29:02', '2018-11-15 06:29:02'),
(19, 'sit', 'Repellat consequatur incidunt vel quis officiis nihil. Dignissimos inventore earum rerum sed.', 226, 4, 30, 1, '2018-11-15 06:29:02', '2018-11-15 06:29:02'),
(20, 'totam', 'Ut perspiciatis doloremque nobis repellendus eos qui iste. Earum voluptas sed quia excepturi quo perferendis. Optio autem accusantium nostrum officiis eligendi veritatis repellat. Minima quia voluptatum atque in.', 735, 0, 25, 1, '2018-11-15 06:29:02', '2018-11-15 06:29:02'),
(21, 'perferendis', 'Aspernatur qui voluptatum autem ut quia hic explicabo illum. Eum eius autem et exercitationem magnam. Qui culpa asperiores voluptatum facere. Quia modi et veritatis enim.', 504, 2, 11, 5, '2018-11-15 06:29:02', '2018-11-15 06:29:02'),
(22, 'consequatur', 'Voluptatem velit aut rerum et est qui laborum in. Omnis omnis accusamus quia aut enim qui voluptatem. Animi sit et accusamus in blanditiis quia.', 844, 8, 10, 2, '2018-11-15 06:29:02', '2018-11-15 06:29:02'),
(23, 'aliquam', 'Tempora non laboriosam dolorem consequatur tempore. Fuga voluptas molestiae dolores deleniti. Molestias est voluptatem est accusamus et dolores officia. Qui quidem nam sit expedita aliquid molestias sit.', 411, 7, 22, 3, '2018-11-15 06:29:02', '2018-11-15 06:29:02'),
(24, 'labore', 'Voluptate fugiat aperiam atque reprehenderit. Autem corporis quis minus. Aliquid velit est nisi similique doloribus aliquid est sit. Ipsam aspernatur adipisci odio quidem totam.', 158, 2, 10, 1, '2018-11-15 06:29:02', '2018-11-15 06:29:02'),
(25, 'aliquid', 'Et fugiat unde optio. Modi voluptas voluptates maxime quis alias expedita iure. Voluptatem nam repudiandae debitis. Unde nesciunt similique voluptatem voluptatum repudiandae.', 753, 2, 8, 3, '2018-11-15 06:29:02', '2018-11-15 06:29:02'),
(26, 'cumque', 'Asperiores occaecati corrupti nihil perspiciatis dolor molestiae ut. Cum ipsa similique earum assumenda dolores veniam nemo.', 899, 8, 6, 3, '2018-11-15 06:29:02', '2018-11-15 06:29:02'),
(27, 'asperiores', 'Numquam qui sed voluptate minima eius tempore dignissimos. Totam assumenda nobis non dolorum corrupti quia ut deleniti. Ut architecto a ratione quasi consequatur.', 657, 7, 17, 5, '2018-11-15 06:29:02', '2018-11-15 06:29:02'),
(28, 'quidem', 'At laboriosam in sapiente aut autem ea. Repellat minima ea illum voluptates minus. Ut omnis consequatur laudantium sit repellat voluptatem iure.', 593, 7, 3, 5, '2018-11-15 06:29:02', '2018-11-15 06:29:02'),
(29, 'dolor', 'Nihil ut nisi soluta ab similique officia rerum. Vel quia iure consectetur est repellat dignissimos. Aut exercitationem delectus et aut rerum voluptatibus.', 994, 7, 2, 2, '2018-11-15 06:29:02', '2018-11-15 06:29:02'),
(30, 'eaque', 'Omnis tempora sint sint qui molestiae quis odio. Maiores deserunt molestiae enim reprehenderit. Nemo iste architecto veritatis. Temporibus eum voluptatum fuga tempora consectetur.', 756, 1, 27, 5, '2018-11-15 06:29:02', '2018-11-15 06:29:02'),
(31, 'unde', 'Debitis ducimus omnis officia optio. Occaecati quidem architecto sit voluptas. Nobis labore reprehenderit minus voluptatum dolores. Labore aspernatur exercitationem omnis ut sed reiciendis.', 168, 4, 4, 3, '2018-11-15 06:29:02', '2018-11-15 06:29:02'),
(32, 'sed', 'Dolores qui possimus maxime similique illum. Voluptas officia sed deleniti consequatur sit. Facere quasi et omnis rerum aut temporibus qui.', 258, 5, 5, 4, '2018-11-15 06:29:02', '2018-11-15 06:29:02'),
(33, 'beatae', 'Et voluptas deserunt adipisci saepe eligendi. Autem aut repellat excepturi reiciendis facere eum. Ratione enim reiciendis non magni fuga et.', 182, 3, 18, 5, '2018-11-15 06:29:02', '2018-11-15 06:29:02'),
(34, 'quidem', 'Ipsum doloremque ut voluptatem illum expedita dolor. Eum harum iusto rerum expedita quia ea. Consequatur ullam nemo eos officia aperiam deserunt. Itaque vel dolorem sed fugiat possimus quaerat cumque qui.', 265, 5, 9, 1, '2018-11-15 06:29:02', '2018-11-15 06:29:02'),
(35, 'maxime', 'Rerum aspernatur amet dolor minus numquam. Quas tempora harum non ipsam officiis libero. Et dolores ea eum voluptatem dolorem deleniti. Sed eveniet sequi labore itaque.', 699, 8, 18, 3, '2018-11-15 06:29:02', '2018-11-15 06:29:02'),
(36, 'vitae', 'Omnis officiis qui qui quia necessitatibus ducimus iure. Aperiam placeat dolores nulla.', 359, 6, 23, 1, '2018-11-15 06:29:02', '2018-11-15 06:29:02'),
(37, 'qui', 'Earum perferendis quasi sed sunt atque natus non. Et hic fugit exercitationem eligendi. Aperiam eos aut repellat exercitationem corporis quaerat in.', 976, 2, 20, 4, '2018-11-15 06:29:02', '2018-11-15 06:29:02'),
(38, 'ducimus', 'Commodi consequatur nobis molestias nihil adipisci. Eius nemo accusamus pariatur odit quia ut odit libero. Voluptates quis voluptatem eum non id quasi.', 254, 0, 17, 5, '2018-11-15 06:29:02', '2018-11-15 06:29:02'),
(39, 'sit', 'Excepturi et rerum ut sint quia delectus eius. Autem at natus et sed enim pariatur. Non sequi ut voluptas est et cupiditate similique error.', 882, 4, 11, 3, '2018-11-15 06:29:02', '2018-11-15 06:29:02'),
(40, 'consequuntur', 'Atque molestiae aut consectetur quo dignissimos illo. Ut soluta nulla culpa deserunt. Deleniti sed est in numquam. Nulla et voluptatibus esse corporis ratione deleniti.', 513, 3, 16, 4, '2018-11-15 06:29:02', '2018-11-15 06:29:02'),
(41, 'saepe', 'Est non in corrupti. Ut velit est repudiandae deleniti. Vitae in molestiae odio eos et eum omnis.', 570, 5, 2, 3, '2018-11-15 06:29:02', '2018-11-15 06:29:02'),
(42, 'culpa', 'Voluptate officiis ut magni maiores voluptatibus est. Iure ut mollitia voluptate sit quidem. Quam magni eveniet ullam facilis eos dolores placeat aut.', 136, 9, 10, 4, '2018-11-15 06:29:02', '2018-11-15 06:29:02'),
(43, 'minus', 'Quidem sit voluptatem ea dolor modi nihil. Natus quia et nulla provident. Eaque aut eaque magnam explicabo est fugit.', 497, 7, 13, 1, '2018-11-15 06:29:02', '2018-11-15 06:29:02'),
(44, 'rerum', 'Ut aut sed blanditiis rem pariatur nesciunt asperiores. Omnis molestias provident similique. Aut nostrum corporis dolor placeat. Qui qui quo voluptas velit.', 304, 1, 4, 4, '2018-11-15 06:29:02', '2018-11-15 06:29:02'),
(45, 'sint', 'Reiciendis ut autem sequi rerum voluptatem accusamus tenetur molestiae. Magnam dignissimos commodi ullam velit quibusdam rem ut. Est deserunt et quibusdam aperiam. Itaque nemo veniam modi nihil eos quia harum consequatur.', 316, 8, 2, 3, '2018-11-15 06:29:02', '2018-11-15 06:29:02'),
(46, 'assumenda', 'Dolore sit quibusdam inventore et. Harum quae eos totam beatae.', 962, 7, 19, 1, '2018-11-15 06:29:02', '2018-11-15 06:29:02'),
(47, 'asperiores', 'Delectus autem in veritatis tempora harum adipisci velit iure. Nostrum dolores ratione autem ipsum debitis hic quia eius. Perspiciatis consequatur eaque ut id ut debitis.', 534, 1, 26, 4, '2018-11-15 06:29:02', '2018-11-15 06:29:02'),
(48, 'sunt', 'Aut enim sint quos repudiandae rem minima quas. Commodi facilis sit et eveniet. Harum ad ullam laudantium consequatur reprehenderit.', 502, 0, 29, 5, '2018-11-15 06:29:02', '2018-11-15 06:29:02'),
(49, 'Iphone 7 updated', 'The best ever phone with portrait mode updated', 120, 20, 10, 5, '2018-11-15 06:29:02', '2018-11-17 02:22:26'),
(50, 'aliquam', 'Deserunt quia nihil dolorem earum assumenda voluptatem. Sit voluptatem et expedita aut fugiat facere. Distinctio officia et sint at voluptatem molestiae voluptas ut. Eaque hic veniam magni eveniet molestiae.', 711, 5, 11, 3, '2018-11-15 06:29:02', '2018-11-15 06:29:02');

-- --------------------------------------------------------

--
-- Table structure for table `reviews`
--

DROP TABLE IF EXISTS `reviews`;
CREATE TABLE IF NOT EXISTS `reviews` (
  `id` int(10) UNSIGNED NOT NULL AUTO_INCREMENT,
  `product_id` int(10) UNSIGNED NOT NULL,
  `customer` varchar(255) COLLATE utf8_unicode_ci NOT NULL,
  `review` text COLLATE utf8_unicode_ci NOT NULL,
  `star` int(11) NOT NULL,
  `created_at` timestamp NULL DEFAULT NULL,
  `updated_at` timestamp NULL DEFAULT NULL,
  PRIMARY KEY (`id`),
  KEY `reviews_product_id_index` (`product_id`)
) ENGINE=MyISAM AUTO_INCREMENT=302 DEFAULT CHARSET=utf8 COLLATE=utf8_unicode_ci;

--
-- Dumping data for table `reviews`
--

INSERT INTO `reviews` (`id`, `product_id`, `customer`, `review`, `star`, `created_at`, `updated_at`) VALUES
(1, 28, 'Alene Abshire', 'Fugiat soluta praesentium dolor nemo. Perspiciatis laboriosam impedit et aperiam ex. Magni consequuntur id laboriosam ex. Architecto placeat et dignissimos quos et.', 2, '2018-11-15 06:29:02', '2018-11-15 06:29:02'),
(2, 3, 'Miss Nora Effertz PhD', 'Quo in sed aut vel fugit deleniti. Praesentium voluptate qui possimus provident. Molestias architecto error ullam ea aut voluptas a. Facilis ab at alias nam.', 1, '2018-11-15 06:29:02', '2018-11-15 06:29:02'),
(3, 9, 'Maribel Wolff', 'Dolorem quibusdam est quo saepe. Natus nam amet commodi nesciunt quod. Ipsa aut quidem dolore aliquam laborum excepturi quibusdam. Ea laboriosam ullam et eos esse eveniet iusto. Quos est odio eaque libero qui facilis dolore atque.', 3, '2018-11-15 06:29:02', '2018-11-15 06:29:02'),
(4, 50, 'Summer Glover', 'Voluptate ratione libero accusamus voluptas architecto. Voluptas deleniti voluptatem sit reiciendis provident et. Consequatur excepturi quasi non fugit ipsum voluptatem qui nesciunt. Dicta consequatur neque expedita velit ex qui.', 4, '2018-11-15 06:29:02', '2018-11-15 06:29:02'),
(5, 9, 'Payton Cummerata', 'Aut accusantium voluptatem qui. Dignissimos iusto expedita aut excepturi qui minima aperiam. Velit et alias nulla tempora. Officia dolor at aut excepturi.', 4, '2018-11-15 06:29:02', '2018-11-15 06:29:02'),
(6, 42, 'Nash Mosciski', 'Eos nostrum asperiores quis sed aut occaecati doloribus. Non fugit est tenetur voluptas. Dolor qui amet in et aut enim. Iusto placeat laboriosam eos eos dolorem.', 3, '2018-11-15 06:29:02', '2018-11-15 06:29:02'),
(7, 26, 'Miss Francisca Lesch PhD', 'Quam soluta fugiat id perspiciatis consequatur tempore dolore. Sint voluptas incidunt molestiae sed. Est omnis incidunt vel repellendus consequatur iusto odio.', 3, '2018-11-15 06:29:02', '2018-11-15 06:29:02'),
(8, 26, 'Mozelle Bechtelar', 'Nihil quia consequatur fugiat eveniet. Tempora neque sequi ut voluptatibus dolorem aut. Beatae sunt earum sed officiis non quis non incidunt.', 2, '2018-11-15 06:29:02', '2018-11-15 06:29:02'),
(9, 26, 'Mortimer Armstrong', 'Possimus natus asperiores dignissimos aut nobis occaecati. Ut saepe et rerum architecto ullam sunt.', 0, '2018-11-15 06:29:02', '2018-11-15 06:29:02'),
(10, 40, 'Jarrell Sanford', 'Quia qui voluptates cupiditate impedit vel fugiat perspiciatis sunt. Possimus hic id tempora et sit illo. Architecto culpa laborum facere est. Libero voluptate natus qui temporibus ipsam iste veniam quod.', 0, '2018-11-15 06:29:02', '2018-11-15 06:29:02'),
(11, 14, 'Vince Welch', 'Quibusdam culpa dolorem deserunt sunt tempora nemo. Perferendis molestiae vitae placeat. Et aut eum explicabo quae nisi asperiores distinctio reprehenderit.', 0, '2018-11-15 06:29:02', '2018-11-15 06:29:02'),
(12, 3, 'Norma Bergnaum', 'Porro sequi ut non corporis sapiente alias. Aliquid sed non veniam quo voluptas. Qui quibusdam molestiae quaerat voluptas.', 2, '2018-11-15 06:29:02', '2018-11-15 06:29:02'),
(13, 35, 'Abel Walter I', 'Rerum occaecati labore quis ut. Alias ipsum repudiandae porro voluptatem qui illum itaque. Quae id non laborum debitis. Sapiente molestiae quod debitis.', 4, '2018-11-15 06:29:02', '2018-11-15 06:29:02'),
(14, 3, 'Elijah Dickinson', 'Animi nemo natus sequi cum. Ab recusandae et iure harum voluptatem error. Quia asperiores quos assumenda qui velit eius quis. Rerum laboriosam ea veritatis et error officiis. Ea autem quaerat nam.', 3, '2018-11-15 06:29:02', '2018-11-15 06:29:02'),
(15, 19, 'Miss Jude Pollich PhD', 'Labore id quo mollitia. Placeat voluptatibus id dicta.', 2, '2018-11-15 06:29:02', '2018-11-15 06:29:02'),
(16, 6, 'Mr. Joaquin Toy II', 'Quam earum recusandae dolores quam. Ea voluptatem et ut facere similique.', 1, '2018-11-15 06:29:02', '2018-11-15 06:29:02'),
(17, 21, 'Haylie Ratke', 'Nobis eius laboriosam quas sunt at voluptas consequatur omnis. Exercitationem doloremque aliquid maiores illum similique nostrum. Esse molestiae dolorem voluptatem voluptates dolorem fuga. Hic et voluptas culpa natus velit. Voluptas consequuntur amet sed voluptatum et.', 5, '2018-11-15 06:29:02', '2018-11-15 06:29:02'),
(18, 14, 'Gracie Hodkiewicz', 'Consectetur corporis eaque sit id quibusdam. Ducimus esse eaque ratione adipisci iusto. Voluptatibus similique excepturi tempore quasi cum harum placeat quis.', 0, '2018-11-15 06:29:02', '2018-11-15 06:29:02'),
(19, 17, 'Trent Stiedemann', 'Cumque itaque odio voluptate fugiat autem. Tenetur velit expedita culpa eos. Non consequatur magnam voluptatum vel quidem modi.', 0, '2018-11-15 06:29:02', '2018-11-15 06:29:02'),
(20, 48, 'Dr. Tevin Cronin', 'Nemo dicta facilis aut eos. Autem quidem quo accusamus expedita. Et quia laborum rerum autem recusandae. Quis labore amet in voluptate.', 0, '2018-11-15 06:29:02', '2018-11-15 06:29:02'),
(21, 36, 'Alyson Fadel', 'Aperiam ex repudiandae in cupiditate ab. Saepe voluptatem laboriosam nemo officia minima repudiandae sapiente assumenda.', 4, '2018-11-15 06:29:02', '2018-11-15 06:29:02'),
(22, 48, 'Abigayle Hyatt', 'Ea dolor sunt sit ipsa quia. Nulla ea adipisci quos molestiae explicabo vel maxime voluptatibus. Tempora mollitia sint similique est cumque inventore. Sit officia incidunt dolorem ad.', 3, '2018-11-15 06:29:02', '2018-11-15 06:29:02'),
(23, 15, 'Liza Dooley DVM', 'Aut eum inventore sit doloribus aut dicta corrupti eos. Sequi sit soluta corrupti. Ipsa in cupiditate natus qui accusamus tenetur.', 0, '2018-11-15 06:29:02', '2018-11-15 06:29:02'),
(24, 28, 'Prof. Mohamed Torphy', 'Doloremque est et autem modi sit. Iusto magni iste voluptatem. Tempore accusamus blanditiis nesciunt nihil.', 5, '2018-11-15 06:29:02', '2018-11-15 06:29:02'),
(25, 5, 'Zoey Konopelski', 'In sit tempora ut dolorum consequatur ad molestiae. Atque necessitatibus aut quae velit quisquam placeat tempore. Consectetur voluptas praesentium consequatur ex.', 1, '2018-11-15 06:29:02', '2018-11-15 06:29:02'),
(26, 36, 'Prof. Garry Ortiz', 'Aut veniam et ea possimus excepturi. Molestiae ea aut distinctio nostrum sed adipisci maiores. Laboriosam qui inventore dignissimos dolore repellat eos est reiciendis. Sed necessitatibus ut ut enim. Voluptatem ut earum minus corporis ut.', 2, '2018-11-15 06:29:02', '2018-11-15 06:29:02'),
(27, 28, 'Vinnie Mitchell', 'Aut accusamus repellendus perspiciatis illum. Minus sunt labore dolorem in iste mollitia ut. Possimus amet mollitia temporibus numquam ab voluptas sunt. Consequatur nemo excepturi rerum.', 1, '2018-11-15 06:29:02', '2018-11-15 06:29:02'),
(28, 28, 'Spencer Auer', 'Qui cupiditate eum nostrum et ratione iusto nulla. Velit quidem laudantium excepturi dolorem est. Labore sint aliquam pariatur.', 1, '2018-11-15 06:29:02', '2018-11-15 06:29:02'),
(29, 15, 'Myrl Sauer', 'Hic est repellat provident nostrum qui nulla quia ut. Consectetur nihil iure eveniet vel aliquam nam. Pariatur occaecati nulla velit dolores animi consequatur maiores.', 4, '2018-11-15 06:29:02', '2018-11-15 06:29:02'),
(30, 29, 'Velda Metz', 'Cumque hic velit quo qui aut autem consequatur. In assumenda vero iusto sed sed in. Unde tempora modi quibusdam. Magnam voluptas aut vel nostrum temporibus nam.', 2, '2018-11-15 06:29:02', '2018-11-15 06:29:02'),
(31, 4, 'Tomas Wunsch', 'Est velit dolorum ut id quibusdam occaecati distinctio. Et est magnam et dignissimos. Enim vero incidunt ea odio. Quaerat ad ut rem ea saepe dignissimos recusandae odio.', 1, '2018-11-15 06:29:02', '2018-11-15 06:29:02'),
(32, 28, 'Rylee Strosin', 'Voluptatem optio soluta laudantium eligendi inventore deserunt et. Dicta ut quia sed ut harum non. Fugit labore vitae facilis et iusto a.', 3, '2018-11-15 06:29:02', '2018-11-15 06:29:02'),
(33, 48, 'Cynthia Wuckert', 'Et consequatur ex ut in voluptas laborum. Facere sunt vero minima placeat.', 3, '2018-11-15 06:29:02', '2018-11-15 06:29:02'),
(34, 40, 'Nelda Reichel DDS', 'Iste velit ipsum quasi repellat repudiandae minus velit. Quos amet laborum cumque dolores laborum omnis. Laboriosam placeat et sed nihil hic. Nihil rerum esse velit nemo dolores.', 4, '2018-11-15 06:29:02', '2018-11-15 06:29:02'),
(35, 17, 'Nicolette Hettinger', 'Repellat qui molestiae ipsa ab et. Doloremque asperiores aut magnam unde ipsam cum id rerum. Corporis voluptate et velit architecto distinctio natus ut. Dolores ut eum laudantium fugit sint.', 0, '2018-11-15 06:29:02', '2018-11-15 06:29:02'),
(36, 27, 'Ms. Lucienne Adams', 'Dolor nobis vero explicabo dicta ipsa. Ipsa autem facere laborum unde. Ratione accusantium aut quidem accusamus perferendis.', 3, '2018-11-15 06:29:02', '2018-11-15 06:29:02'),
(37, 37, 'Kaylie McKenzie', 'Tempore veritatis suscipit beatae neque ab ea. Incidunt harum laudantium voluptatem ullam modi possimus modi. Molestiae consectetur atque dicta pariatur quia. Animi occaecati dolores corrupti praesentium est.', 1, '2018-11-15 06:29:02', '2018-11-15 06:29:02'),
(38, 24, 'Ryleigh Kling', 'Dolorem eos nostrum minima quae eveniet nam sit. Tempore molestiae libero recusandae cum molestias incidunt consequatur. Et atque enim est cumque sed laboriosam rerum. Velit possimus iste velit.', 2, '2018-11-15 06:29:02', '2018-11-15 06:29:02'),
(39, 36, 'Mr. Sonny Graham', 'Labore libero alias id in quibusdam. Perferendis quisquam quis sint fugiat officia qui quia. Voluptatem consequatur adipisci nisi facere. Velit eum velit illum inventore alias et voluptas.', 2, '2018-11-15 06:29:02', '2018-11-15 06:29:02'),
(40, 3, 'Serenity Dibbert MD', 'Fuga quo sed sequi magnam voluptatem. Aliquam id assumenda doloremque autem quia eum aut est. Cum molestias ea minus corporis molestias molestias. Qui numquam fugit natus rem temporibus nostrum dolorum.', 2, '2018-11-15 06:29:02', '2018-11-15 06:29:02'),
(41, 12, 'Peter Schulist', 'Officia non accusamus asperiores facere fugiat omnis aut. Voluptatem vel aut quasi in veniam illo. Aspernatur aut earum id quibusdam qui odit minima expedita.', 0, '2018-11-15 06:29:02', '2018-11-15 06:29:02'),
(42, 38, 'Prof. Jerry Rohan', 'Beatae possimus fugit aut non qui est. Necessitatibus nobis vel quas. Ipsa vero dolorem assumenda voluptatem. Alias praesentium similique repellat facilis.', 5, '2018-11-15 06:29:02', '2018-11-15 06:29:02'),
(43, 33, 'Deontae Windler', 'Ullam doloremque dolore autem eaque qui occaecati. Accusamus cumque dolores voluptatem. Laboriosam cumque dolor delectus amet nemo. Optio ipsum soluta laudantium fuga eligendi soluta.', 5, '2018-11-15 06:29:02', '2018-11-15 06:29:02'),
(44, 4, 'Graham Robel', 'Error iusto nisi qui veritatis aliquam ut voluptatem aperiam. Vel nihil ut distinctio culpa. Rerum voluptatum est necessitatibus voluptates dicta minima.', 4, '2018-11-15 06:29:02', '2018-11-15 06:29:02'),
(45, 10, 'Ankur Jain', 'Best product in this budget.', 2, '2018-11-15 06:29:02', '2018-11-17 04:54:54'),
(46, 17, 'Adelia Glover', 'Omnis veritatis corrupti non beatae fuga sit. Eum quia saepe ipsa temporibus aut. Non quis excepturi consequatur corrupti deserunt quis temporibus ut. Sequi dolores ipsum ratione est.', 0, '2018-11-15 06:29:02', '2018-11-15 06:29:02'),
(47, 21, 'Dr. Tierra Yost', 'Dolore vel vel nam vel saepe ducimus veniam. Eligendi voluptas suscipit et est minima culpa nobis amet. Labore laborum numquam nobis quidem.', 1, '2018-11-15 06:29:02', '2018-11-15 06:29:02'),
(48, 14, 'Jaqueline Reilly', 'Consequatur dolor deserunt sit rerum facilis et quia. Et voluptates provident blanditiis minima et. Sequi voluptatem at aspernatur aut officia voluptas libero at. Error aperiam itaque voluptatibus ut explicabo. Dolore dolores autem pariatur illo incidunt.', 4, '2018-11-15 06:29:02', '2018-11-15 06:29:02'),
(49, 42, 'Clare Upton', 'Qui dolore ut impedit libero sit consequatur fuga. Quia dolorem sit et et. Vel totam inventore quis distinctio voluptatem quia. Animi rerum distinctio et minima cupiditate aut ab.', 0, '2018-11-15 06:29:02', '2018-11-15 06:29:02'),
(50, 34, 'Susie Hoeger', 'Dolorem et facere quam aut ipsam. Sint voluptatem molestiae alias dolorem.', 1, '2018-11-15 06:29:02', '2018-11-15 06:29:02'),
(51, 7, 'Prof. Minerva Jerde V', 'Pariatur unde ad et ut quos autem aut. Culpa necessitatibus qui non vel est. Est ab voluptate necessitatibus laudantium dolorum.', 3, '2018-11-15 06:29:02', '2018-11-15 06:29:02'),
(52, 26, 'Miss Cecile Greenholt', 'Et est eveniet quaerat est. Consectetur quidem nobis necessitatibus occaecati aut rerum cupiditate. Sit cupiditate consequatur voluptatum sequi perferendis.', 4, '2018-11-15 06:29:02', '2018-11-15 06:29:02'),
(53, 42, 'Oceane Emmerich IV', 'Tempore incidunt sequi deleniti eaque illo sed. Repellendus explicabo voluptas non vel.', 0, '2018-11-15 06:29:02', '2018-11-15 06:29:02'),
(54, 38, 'Mrs. Margarett Sanford II', 'Earum esse placeat voluptas. Doloremque aut eos nemo beatae error.', 0, '2018-11-15 06:29:02', '2018-11-15 06:29:02'),
(55, 29, 'Prof. Gene Keebler DVM', 'Nihil sit ad praesentium officiis porro provident. Ipsa dolorem et nisi repudiandae similique ut. Quia et voluptatem fugit molestiae voluptate repellendus assumenda.', 5, '2018-11-15 06:29:02', '2018-11-15 06:29:02'),
(56, 43, 'Anderson Berge', 'Est est est quibusdam aliquam quia. Corporis excepturi ipsum qui consequatur fugit nisi harum est.', 2, '2018-11-15 06:29:02', '2018-11-15 06:29:02'),
(57, 36, 'Nestor Heller II', 'Amet consequatur consequatur ut quia officiis nostrum enim. Aliquid laboriosam tenetur minima eius minima. Officiis ut debitis qui nobis consequuntur facere exercitationem. At veniam in debitis neque.', 3, '2018-11-15 06:29:02', '2018-11-15 06:29:02'),
(58, 42, 'Annie Brown', 'Inventore maxime dolore aspernatur fugiat culpa sint qui omnis. Ut excepturi minus rem cum voluptates et. Rem quis et quis. Et accusantium consequuntur est qui dolores sit.', 2, '2018-11-15 06:29:02', '2018-11-15 06:29:02'),
(59, 9, 'Norbert Mante', 'Repudiandae et id occaecati sunt. Dignissimos aut quia dolor ex sint minus officiis. Amet fugit ut rerum quibusdam sunt consequatur qui.', 5, '2018-11-15 06:29:02', '2018-11-15 06:29:02'),
(60, 8, 'Kaela Bauch DDS', 'Accusamus nostrum nostrum labore dignissimos distinctio ab. Accusamus incidunt placeat doloremque odit ratione voluptas praesentium minus. Animi aliquid eum enim libero neque exercitationem.', 0, '2018-11-15 06:29:02', '2018-11-15 06:29:02'),
(61, 7, 'Prof. Harrison Torphy', 'Occaecati autem sint quos cumque temporibus optio quos. Animi incidunt sit dolorum et sed. Quibusdam aut laboriosam officiis.', 3, '2018-11-15 06:29:02', '2018-11-15 06:29:02'),
(62, 28, 'Priscilla VonRueden', 'Quia aut consequatur exercitationem velit. Repudiandae fuga cumque quam et vero tempora.', 2, '2018-11-15 06:29:02', '2018-11-15 06:29:02'),
(63, 36, 'Russ Hayes', 'Explicabo voluptatem quis unde enim. In debitis deleniti facere rem natus laudantium neque cum. Quibusdam eligendi vitae illo quia.', 1, '2018-11-15 06:29:02', '2018-11-15 06:29:02'),
(64, 6, 'Delfina Schamberger', 'Officia aut facere molestias velit minima exercitationem. Cum veritatis ut vel consequuntur autem recusandae quia. Ducimus placeat nihil officia blanditiis explicabo.', 4, '2018-11-15 06:29:02', '2018-11-15 06:29:02'),
(65, 17, 'Mr. Dagmar Connelly I', 'Consequatur iusto totam deleniti assumenda at qui molestiae. Optio aut alias numquam sit consequuntur. Et sapiente dolor quibusdam assumenda.', 1, '2018-11-15 06:29:02', '2018-11-15 06:29:02'),
(66, 26, 'Rebeka Dooley PhD', 'Dolorem delectus officiis veritatis dolorum animi et facere. Perspiciatis velit porro molestias quo reiciendis nesciunt ut voluptatem. Est et odio eveniet deleniti repellendus.', 4, '2018-11-15 06:29:02', '2018-11-15 06:29:02'),
(67, 48, 'Mr. Carmel Sipes II', 'Et accusantium eos voluptas a quam et tenetur. Dolor saepe harum ut et. Ipsam consequatur vero possimus tenetur assumenda consequatur. Cupiditate quo vitae aliquam harum et architecto.', 0, '2018-11-15 06:29:02', '2018-11-15 06:29:02'),
(68, 10, 'Timmothy Hackett', 'Iusto atque perspiciatis sapiente. In quibusdam ut itaque at voluptatem nemo distinctio aut. Dolorem perferendis nulla hic quam laboriosam debitis. Laborum id id quaerat quis pariatur illum iure.', 5, '2018-11-15 06:29:02', '2018-11-15 06:29:02'),
(69, 49, 'Mr. Prince Trantow', 'Voluptates dolore minus officiis quia et culpa et. Sit magnam dolor vero dolor et perspiciatis assumenda. Dolor aliquam praesentium voluptas neque porro. Ratione esse quae enim cumque magnam magnam et. Rem eveniet dolor est perferendis et velit omnis.', 1, '2018-11-15 06:29:02', '2018-11-15 06:29:02'),
(70, 48, 'Augustus Koelpin Sr.', 'Rem quos nemo nostrum. Aut quibusdam in et debitis cumque quos. Est quia vitae illum saepe et ut nemo.', 4, '2018-11-15 06:29:02', '2018-11-15 06:29:02'),
(71, 7, 'Ima Wuckert V', 'Sit voluptatibus cum corporis consectetur. Tenetur nam magnam sed. Quia omnis sit ipsum consequatur laboriosam aut.', 1, '2018-11-15 06:29:02', '2018-11-15 06:29:02'),
(72, 46, 'Augustine Gutmann', 'Amet qui repudiandae magnam veritatis ut mollitia. Est deserunt eos rerum quasi mollitia possimus aut. Magnam et eos sint unde illo non odio.', 4, '2018-11-15 06:29:02', '2018-11-15 06:29:02'),
(73, 17, 'Mr. Ansley Zboncak', 'Sit ab enim blanditiis facere quis tempore. Nam laborum maiores beatae quasi rerum. Asperiores eligendi laborum voluptas. Blanditiis sint voluptas quos.', 2, '2018-11-15 06:29:02', '2018-11-15 06:29:02'),
(74, 15, 'Wyman Kris', 'Fugit officia reiciendis eum totam illo repudiandae recusandae. Non quis velit in voluptatibus. Voluptas alias impedit quis excepturi. Molestiae consequatur minus a vitae.', 5, '2018-11-15 06:29:02', '2018-11-15 06:29:02'),
(75, 26, 'Dorthy Zboncak', 'Dolorem laborum omnis nihil rem sequi. Aliquam sed blanditiis iusto. Facilis accusamus aliquid cum itaque velit facere natus et. Magnam ea aut laborum aspernatur omnis quia.', 2, '2018-11-15 06:29:02', '2018-11-15 06:29:02'),
(76, 17, 'Jackeline Macejkovic', 'Ab nam odit dolorem quo eveniet animi. Ut excepturi in consectetur facilis itaque. Neque et numquam et tenetur nemo voluptatum. Est voluptatem voluptatem placeat tempore tempore doloremque. Odit recusandae ea quis fuga repellat et molestias.', 0, '2018-11-15 06:29:02', '2018-11-15 06:29:02'),
(77, 41, 'Heath Sawayn II', 'Sequi dolorum voluptatem ut est. Rerum asperiores sed omnis suscipit. Vel recusandae hic est officiis deserunt officiis hic. Et repudiandae in non possimus sunt repudiandae.', 2, '2018-11-15 06:29:02', '2018-11-15 06:29:02'),
(78, 15, 'Niko Boyer', 'Sit sunt doloribus eos earum ut. Qui dolores et libero reiciendis saepe id. Quo laborum molestias harum. Sapiente aliquam necessitatibus et ratione.', 5, '2018-11-15 06:29:02', '2018-11-15 06:29:02'),
(79, 15, 'Dr. Juston Pfannerstill III', 'Odit ducimus voluptates ipsam aut fugit. Dignissimos eum laboriosam ut ut laboriosam. Ex rerum quos fugit ea eos. Laborum voluptatem dolorem non dolores voluptates est.', 5, '2018-11-15 06:29:02', '2018-11-15 06:29:02'),
(80, 32, 'Geoffrey Wiegand', 'Cum veritatis harum dolorem porro. Aut distinctio non et quos non.', 0, '2018-11-15 06:29:02', '2018-11-15 06:29:02'),
(81, 35, 'Adan Heaney', 'Aperiam doloribus enim libero dignissimos vitae. Assumenda animi modi magni temporibus dolor earum ducimus. Quam voluptas ut maiores qui accusantium.', 4, '2018-11-15 06:29:02', '2018-11-15 06:29:02'),
(82, 34, 'Prof. Dalton Bayer', 'Sed ratione aut commodi ut. Modi nobis ex voluptas et.', 1, '2018-11-15 06:29:02', '2018-11-15 06:29:02'),
(83, 16, 'Dr. Destiney Koepp I', 'Alias quia ducimus tempora harum. Expedita aspernatur magni fugit atque. Sit unde error rerum omnis magnam optio. Repellendus beatae animi ex.', 3, '2018-11-15 06:29:02', '2018-11-15 06:29:02'),
(84, 50, 'Helena Ferry', 'Aspernatur officiis magnam repudiandae cupiditate. Asperiores illum animi consequatur earum ea sapiente eaque. Necessitatibus quia quae et voluptatem. Itaque cum dolorem repellendus quae aliquam vel repudiandae.', 3, '2018-11-15 06:29:02', '2018-11-15 06:29:02'),
(85, 47, 'Dr. Colin Hoppe', 'Et aut et beatae error. Error est sit unde dolor illo consequatur quas ducimus. Sed veniam voluptas nostrum cum consequatur. Architecto sunt id sequi inventore nisi enim recusandae. A aut vel quos omnis quasi qui est.', 2, '2018-11-15 06:29:02', '2018-11-15 06:29:02'),
(86, 49, 'Brendon Trantow II', 'Et inventore officiis aut quaerat at saepe voluptatibus. Qui asperiores consequatur officia cupiditate autem quia animi. Et rerum ad voluptates aut culpa reiciendis quas. Vel et minima magnam explicabo. Fugit et ut sunt minima.', 2, '2018-11-15 06:29:02', '2018-11-15 06:29:02'),
(87, 46, 'Mr. Skye Strosin', 'Autem autem sit aut corrupti. Voluptas beatae earum in et nostrum corrupti sit. Esse aut reprehenderit maxime dolorem in. Corporis dolores cumque et aut consequatur animi doloribus.', 1, '2018-11-15 06:29:02', '2018-11-15 06:29:02'),
(88, 42, 'Prof. Tierra Nienow II', 'Inventore reprehenderit qui neque consectetur vitae. Voluptas non quia sit odit laudantium ut nam. Similique sed eius soluta eos ut et.', 3, '2018-11-15 06:29:02', '2018-11-15 06:29:02'),
(89, 19, 'Miss Margarita Prosacco IV', 'Quia doloribus aspernatur provident et sit et. Iure alias non quo dolor molestiae sed.', 3, '2018-11-15 06:29:02', '2018-11-15 06:29:02'),
(90, 36, 'Harmon Bogisich', 'Atque et ducimus ut amet cupiditate quo pariatur. Ipsam maiores ad numquam eligendi perferendis delectus. Sit voluptatem beatae maxime alias inventore aut labore. Recusandae repellendus sit tenetur ipsum.', 0, '2018-11-15 06:29:02', '2018-11-15 06:29:02'),
(91, 25, 'Ryley Emmerich', 'Quae aut consectetur asperiores sit doloremque debitis. Eos consequuntur quia repellat necessitatibus nisi nam. Iste inventore maiores autem quia eum eius. Provident et est qui blanditiis quis et.', 5, '2018-11-15 06:29:02', '2018-11-15 06:29:02'),
(92, 19, 'Raoul Cremin', 'Ducimus eum ipsa aut expedita fuga. Vel accusantium ut possimus ad nihil nobis et. Eaque placeat amet impedit aliquid delectus.', 3, '2018-11-15 06:29:02', '2018-11-15 06:29:02'),
(93, 16, 'Augustus Mertz', 'Eos earum voluptatem itaque voluptas. Et provident perspiciatis adipisci aspernatur neque enim eveniet explicabo. Reprehenderit natus accusantium a facilis excepturi voluptas excepturi.', 3, '2018-11-15 06:29:02', '2018-11-15 06:29:02'),
(94, 4, 'Prof. Levi King', 'Ratione animi et et. Facilis minus nam sint expedita deleniti. Voluptas asperiores officiis dolorem voluptas iste qui.', 5, '2018-11-15 06:29:02', '2018-11-15 06:29:02'),
(95, 22, 'Margret Walter', 'Fugit quisquam recusandae incidunt et sed occaecati voluptas. Nisi accusamus ut sit modi. Modi et omnis esse voluptatem.', 4, '2018-11-15 06:29:02', '2018-11-15 06:29:02'),
(96, 24, 'Lupe Kirlin', 'Sit et adipisci ea sint qui. Veniam distinctio ab consequatur sit. Et molestiae sed ut natus.', 4, '2018-11-15 06:29:02', '2018-11-15 06:29:02'),
(97, 27, 'Sanford Cormier', 'Mollitia sit quia harum non quam dolores quas. A et molestiae veniam dolores eligendi. Placeat eaque tempora deserunt perspiciatis sit veniam omnis. Nemo cumque ad qui pariatur.', 4, '2018-11-15 06:29:02', '2018-11-15 06:29:02'),
(98, 22, 'Prof. Gilbert Lehner DDS', 'Repudiandae nisi provident non ipsam placeat nostrum temporibus. Excepturi rerum quae impedit debitis voluptatem amet est. Non dolore dolor ut cum cumque dolorem expedita. Odit ullam porro facilis quos enim aut.', 2, '2018-11-15 06:29:02', '2018-11-15 06:29:02'),
(99, 40, 'Abby Grady', 'Recusandae aperiam est tempore itaque molestiae. Error quia aliquid esse id beatae fuga.', 5, '2018-11-15 06:29:02', '2018-11-15 06:29:02'),
(100, 31, 'Dr. Maria Weber', 'Qui enim aperiam accusamus at. Ab aperiam modi quae tempore quia consequatur mollitia blanditiis. Quia non voluptatibus recusandae nam tenetur.', 0, '2018-11-15 06:29:02', '2018-11-15 06:29:02'),
(101, 10, 'Prof. Juana Jerde III', 'Dolorem ipsam occaecati ipsum eum temporibus recusandae ut nihil. Corporis veniam qui consectetur aperiam corrupti.', 3, '2018-11-15 06:29:02', '2018-11-15 06:29:02'),
(102, 34, 'Jan Bashirian', 'Fugiat odit veniam et qui. Ea unde harum voluptas placeat est facere. Aut laboriosam rerum praesentium veritatis unde. Est delectus accusamus et repudiandae aperiam suscipit et.', 5, '2018-11-15 06:29:02', '2018-11-15 06:29:02'),
(103, 28, 'Kelton Stokes', 'Maxime ad reprehenderit necessitatibus qui sint. Velit ea porro quo recusandae consectetur. Accusantium mollitia in aperiam libero maiores.', 4, '2018-11-15 06:29:02', '2018-11-15 06:29:02'),
(104, 15, 'Kurtis Gutkowski', 'Magnam quia quasi a deleniti nobis cumque modi. Non et expedita velit maxime reiciendis. Qui rerum labore dolorem quasi corrupti eligendi.', 4, '2018-11-15 06:29:02', '2018-11-15 06:29:02'),
(105, 3, 'Elza Ward', 'Nulla deserunt velit et natus. Harum laboriosam reprehenderit quam voluptas nostrum corrupti eaque et. Magnam unde eum necessitatibus delectus. Ab cumque odit maiores corporis.', 3, '2018-11-15 06:29:02', '2018-11-15 06:29:02'),
(106, 6, 'Elsa Schmitt', 'Aut autem qui eos qui saepe ipsum tempore tempore. Nulla voluptatibus reprehenderit ad nulla. Perspiciatis voluptatem consequatur molestiae esse earum suscipit ratione ut. Incidunt nobis tenetur dolor quis quia.', 5, '2018-11-15 06:29:02', '2018-11-15 06:29:02'),
(107, 22, 'Ettie Donnelly', 'Vel voluptatum numquam non placeat et odio sit. Velit quod blanditiis nulla sed cumque aut dolorem. Est sit sit eveniet dolores.', 1, '2018-11-15 06:29:02', '2018-11-15 06:29:02'),
(108, 44, 'Oma Rodriguez', 'Adipisci rerum odit assumenda quidem exercitationem assumenda. Laborum autem error quo dicta aut qui. Deleniti doloremque id est asperiores tempora quas.', 4, '2018-11-15 06:29:02', '2018-11-15 06:29:02'),
(109, 10, 'Marge Sawayn', 'In beatae facere quam itaque officia et ratione aliquam. Voluptatem corporis dolores est quidem voluptatem reiciendis. Dolor ut aut deleniti natus reprehenderit qui similique. Voluptates dolorem mollitia deserunt labore consequatur culpa.', 0, '2018-11-15 06:29:02', '2018-11-15 06:29:02'),
(110, 49, 'Carmine Mante', 'Nulla earum suscipit itaque laudantium. Rerum aut quia dolores nobis tempora suscipit nihil. Deserunt labore voluptatibus iste esse quo.', 0, '2018-11-15 06:29:02', '2018-11-15 06:29:02'),
(111, 20, 'Lexus Hudson', 'Suscipit alias eos dicta rerum. Perferendis nihil non aspernatur placeat aut cum. Alias sed dolores eos doloremque occaecati. Eligendi commodi sit iusto dolor occaecati qui.', 3, '2018-11-15 06:29:02', '2018-11-15 06:29:02'),
(112, 27, 'Sedrick Kunde', 'Fuga consequuntur eligendi ut quia minima dolore. Labore consectetur odio omnis dolor et veritatis aspernatur. Est eum dignissimos magnam illum voluptatum quo voluptatibus perferendis.', 4, '2018-11-15 06:29:02', '2018-11-15 06:29:02'),
(113, 49, 'Treva Kassulke', 'Id esse omnis nisi praesentium nisi omnis voluptatem excepturi. Odio nesciunt quia voluptatem fuga rem tempora. Suscipit repellat omnis eius eum et expedita possimus.', 4, '2018-11-15 06:29:02', '2018-11-15 06:29:02'),
(114, 17, 'Emerald Powlowski', 'Laudantium ratione vero dolores. Hic natus temporibus iste nulla distinctio totam et quasi. Quis tempora eum et voluptatibus est. Eligendi excepturi tempora quam cumque. Officiis exercitationem ea sit et eos.', 3, '2018-11-15 06:29:02', '2018-11-15 06:29:02'),
(115, 29, 'Dameon Zieme', 'Atque minus impedit aliquid. Et ut nostrum magni omnis.', 2, '2018-11-15 06:29:02', '2018-11-15 06:29:02'),
(116, 31, 'Ricky Kassulke', 'Assumenda eaque enim doloremque nulla. Ut sunt et id incidunt officia itaque. Quas qui sit sit nulla libero. Facere repellat pariatur recusandae occaecati.', 0, '2018-11-15 06:29:02', '2018-11-15 06:29:02'),
(117, 30, 'Constance Torp', 'Officia vero velit et in eos unde eum occaecati. Delectus hic tenetur et sint enim sit. Qui at ducimus sit voluptates aspernatur est.', 0, '2018-11-15 06:29:02', '2018-11-15 06:29:02'),
(118, 40, 'Miss Mabelle Hill', 'Necessitatibus dignissimos rem accusantium iusto et dolorum enim. Quos quis necessitatibus qui et odio vel perspiciatis quibusdam. Magnam totam minima nobis eos officia unde. Corrupti autem aut minus commodi quod veniam sed.', 4, '2018-11-15 06:29:02', '2018-11-15 06:29:02'),
(119, 42, 'Dahlia Lueilwitz', 'Ipsum veniam saepe laudantium voluptatem. Inventore quisquam harum velit tempore expedita. Illum nobis dolores voluptatum. Numquam earum culpa quia deleniti.', 2, '2018-11-15 06:29:02', '2018-11-15 06:29:02'),
(120, 44, 'Augustus Yost', 'Consequatur quisquam iste velit sapiente accusamus. Et omnis deserunt beatae sint vero quia. Velit quo perspiciatis error blanditiis. Porro aperiam exercitationem dolor cumque aut porro voluptatem. Officia animi atque esse consequuntur rerum commodi.', 2, '2018-11-15 06:29:02', '2018-11-15 06:29:02'),
(121, 48, 'Hank Skiles', 'Sequi eligendi error dolore quia. Quia nesciunt nisi placeat aut accusamus sunt voluptate voluptatem. Excepturi pariatur et omnis assumenda adipisci error laboriosam ducimus.', 1, '2018-11-15 06:29:02', '2018-11-15 06:29:02'),
(122, 1, 'Stephon Nicolas III', 'Rem accusamus enim dolorem perspiciatis ea quam ad commodi. Et qui rem eos corrupti nesciunt mollitia. Maiores suscipit eaque vel maxime mollitia porro ratione.', 4, '2018-11-15 06:29:02', '2018-11-15 06:29:02'),
(123, 24, 'Lavonne Treutel', 'Ipsam illo reprehenderit aut aut id tempore ut. A repellat magni unde voluptate. Vel porro vero blanditiis non optio libero sit nemo.', 1, '2018-11-15 06:29:02', '2018-11-15 06:29:02'),
(124, 29, 'Randy Bruen', 'Temporibus blanditiis rerum est eaque expedita aspernatur. Dignissimos nisi non non corrupti ullam. Corporis ullam nesciunt sint eligendi id. Doloremque ea neque eveniet voluptatibus omnis laboriosam tenetur.', 4, '2018-11-15 06:29:02', '2018-11-15 06:29:02'),
(125, 32, 'Ms. Lulu Kling', 'Neque quisquam id rerum et qui dolorum. Ut dolor consectetur iure ut omnis sequi possimus quae. Illo ut eius architecto ut.', 3, '2018-11-15 06:29:02', '2018-11-15 06:29:02'),
(126, 32, 'Lilly Stanton', 'Amet et nihil id sed qui laudantium saepe. Perspiciatis recusandae sed error iste est velit. Ut in tenetur dolorem aspernatur. Voluptate consequatur natus enim assumenda.', 5, '2018-11-15 06:29:02', '2018-11-15 06:29:02'),
(127, 4, 'Aditya Von', 'Quis optio culpa nam sunt aut error. Eaque nostrum qui repellendus cum provident doloribus aliquam. A est nisi amet.', 3, '2018-11-15 06:29:02', '2018-11-15 06:29:02'),
(128, 32, 'Prof. General Ziemann', 'Expedita aut dolorem molestiae aut quisquam. Nam quia et quod qui voluptas reprehenderit quae. Excepturi iusto aliquam ea. Minus similique iure et nulla voluptates eos eos repellat. Perferendis dolores id qui aut inventore.', 5, '2018-11-15 06:29:02', '2018-11-15 06:29:02'),
(129, 49, 'Kyla Crona', 'Optio sit et accusamus. Iste voluptatum voluptatum aliquid et et repudiandae. Iure et enim facilis aut occaecati ipsam et.', 0, '2018-11-15 06:29:02', '2018-11-15 06:29:02'),
(130, 37, 'Selina Emmerich', 'Eveniet dicta totam omnis a quas ut libero in. Ipsa aspernatur ullam magni omnis voluptatem.', 5, '2018-11-15 06:29:02', '2018-11-15 06:29:02'),
(131, 34, 'Prof. Josephine Pfeffer', 'Deleniti consectetur dicta vitae ut. Vel dolorem et nihil nemo consequatur et.', 2, '2018-11-15 06:29:02', '2018-11-15 06:29:02'),
(132, 14, 'Prof. Quinten Senger DVM', 'Vel ea suscipit suscipit accusantium consequatur. Perferendis iusto accusantium omnis earum. Aut est qui maiores unde saepe quo aut eaque.', 3, '2018-11-15 06:29:02', '2018-11-15 06:29:02'),
(133, 34, 'Mr. Lonzo Fadel', 'Et sint nobis modi consequatur velit sed quo. Veritatis soluta itaque vitae quia. Unde et ipsum asperiores cumque. Sit explicabo doloribus non sunt.', 3, '2018-11-15 06:29:02', '2018-11-15 06:29:02'),
(134, 44, 'Marcia Larkin MD', 'Exercitationem laboriosam perspiciatis exercitationem quisquam dolores eaque enim. Ullam beatae rerum et odit nisi consequatur quia. Veritatis modi molestiae ea minima sed et vel aut.', 2, '2018-11-15 06:29:02', '2018-11-15 06:29:02'),
(135, 2, 'Delores Champlin', 'Aut tempore accusamus dolorum illo doloremque in. Aut eum vero voluptates provident. Beatae dolores nihil eveniet deleniti. Repellendus eius eaque dicta harum in fugiat.', 1, '2018-11-15 06:29:02', '2018-11-15 06:29:02'),
(136, 32, 'Timothy Runolfsson', 'Voluptatem qui earum natus est nemo autem. Quia quae animi ut sit illo labore ducimus. Totam asperiores nemo tenetur eveniet.', 3, '2018-11-15 06:29:02', '2018-11-15 06:29:02'),
(137, 13, 'Chelsie Mertz', 'Quia et earum nobis provident. Ipsa blanditiis nihil sunt. Et dolor dolor quibusdam.', 0, '2018-11-15 06:29:02', '2018-11-15 06:29:02'),
(138, 46, 'Miss Mariela Wilderman', 'Sequi aliquid voluptatem sit omnis ullam aut omnis maxime. Impedit voluptatum quibusdam beatae neque.', 3, '2018-11-15 06:29:02', '2018-11-15 06:29:02'),
(139, 18, 'Ms. Melissa Sporer', 'Et eveniet expedita non quam. Dolor consequatur nam qui id qui laudantium facere. Sed quo porro nihil quas.', 1, '2018-11-15 06:29:02', '2018-11-15 06:29:02'),
(140, 5, 'Russ Zulauf', 'Reprehenderit minus et ipsam. Ipsa perferendis voluptatum qui et qui. Ut rerum nulla pariatur assumenda est et. At qui deserunt corporis dolore eum eaque aliquid dolorem.', 5, '2018-11-15 06:29:02', '2018-11-15 06:29:02'),
(141, 43, 'Maude Ruecker', 'Libero perferendis et voluptate labore explicabo fugiat. Totam error non quis iste rerum.', 5, '2018-11-15 06:29:02', '2018-11-15 06:29:02'),
(142, 45, 'Lilian Mann', 'Et voluptatem velit voluptatem eum. Nulla consectetur eum quia est. Est quae iure et aut.', 3, '2018-11-15 06:29:02', '2018-11-15 06:29:02'),
(143, 44, 'Prof. Abelardo Hill', 'Quis earum voluptas accusantium nemo qui. Quo error placeat blanditiis. Rerum sit id sint quas. Neque sunt dolore quis ut commodi aliquam aspernatur. Architecto enim officia id esse facilis.', 0, '2018-11-15 06:29:02', '2018-11-15 06:29:02'),
(144, 22, 'Karley Gibson', 'Sit exercitationem consequatur velit quisquam. Libero quas nesciunt aliquam in et. Minus aut debitis ducimus deserunt itaque recusandae. Corrupti neque temporibus aut veritatis itaque adipisci dolorem.', 4, '2018-11-15 06:29:02', '2018-11-15 06:29:02'),
(145, 12, 'Prof. Simeon Bashirian III', 'Corporis rerum quis rerum perspiciatis vero. Possimus optio deserunt mollitia cum. Tempore veritatis molestiae sit consequatur cum corrupti. In temporibus voluptatem culpa quod animi recusandae esse.', 1, '2018-11-15 06:29:02', '2018-11-15 06:29:02'),
(146, 13, 'Eloy Lockman', 'Earum iste dignissimos soluta reiciendis quia quod suscipit. Quis quasi sint delectus placeat nostrum provident. Rem qui minus totam esse porro cum praesentium. Eum ducimus a id alias aliquid reiciendis inventore.', 2, '2018-11-15 06:29:02', '2018-11-15 06:29:02'),
(147, 49, 'Dr. Delphia Herzog', 'Est voluptatem iusto iure. Minus et animi rerum corporis velit doloribus. Tenetur molestiae blanditiis aspernatur. Tenetur earum dolorem optio cumque laborum error omnis. Aspernatur accusantium dolores architecto nobis laborum debitis commodi.', 3, '2018-11-15 06:29:02', '2018-11-15 06:29:02'),
(148, 6, 'Ms. Jessika Wisoky', 'Nisi mollitia est id beatae doloribus. Consequatur adipisci excepturi nisi culpa repudiandae. Et nihil a quaerat cumque quia eum velit dolor. Aut repellendus in sit adipisci.', 1, '2018-11-15 06:29:02', '2018-11-15 06:29:02'),
(149, 30, 'Jaida Wisozk', 'Neque unde rem et sed blanditiis. Dolorem repudiandae cumque et inventore. Omnis qui molestias qui illo sint quidem cum.', 3, '2018-11-15 06:29:02', '2018-11-15 06:29:02'),
(150, 25, 'Olaf Braun', 'Aperiam quos atque sed ut sequi. Sequi doloribus asperiores accusantium deserunt nemo qui blanditiis. Sed dolores facilis rerum aperiam. Et ut assumenda velit facilis. Quibusdam quidem earum ea enim nobis dolorem sunt.', 4, '2018-11-15 06:29:02', '2018-11-15 06:29:02'),
(151, 6, 'Rupert Crist', 'Aut minima nihil exercitationem repudiandae et dignissimos maiores. Et voluptas dolore natus incidunt.', 2, '2018-11-15 06:29:02', '2018-11-15 06:29:02'),
(152, 46, 'Robbie Cartwright', 'Nihil accusamus reiciendis similique autem ducimus suscipit voluptas voluptas. Atque eius omnis dolores ea. Sunt repudiandae eveniet omnis rerum.', 0, '2018-11-15 06:29:02', '2018-11-15 06:29:02'),
(153, 33, 'Prof. Emmy Nader', 'Voluptatibus distinctio consectetur sint rerum. Mollitia perspiciatis optio ut necessitatibus. Inventore asperiores dolorem temporibus quo. Corporis aut maxime non quae aut.', 1, '2018-11-15 06:29:02', '2018-11-15 06:29:02'),
(154, 28, 'Princess Berge', 'Dolore voluptatem quam quaerat fugit. Perferendis incidunt iusto possimus sit accusamus iusto. Et modi debitis voluptatum totam autem. Fugit ab tempora ipsum nihil esse voluptas quia.', 5, '2018-11-15 06:29:02', '2018-11-15 06:29:02'),
(155, 24, 'Sedrick Kub', 'Vero reiciendis et aut enim. Dolor fuga esse quaerat debitis dolorem officiis perspiciatis. A quod pariatur voluptatem quaerat.', 0, '2018-11-15 06:29:02', '2018-11-15 06:29:02'),
(156, 5, 'Mya Leffler', 'Cumque nobis porro quas. Pariatur occaecati architecto voluptatem iure tempore. Non quis aspernatur quam dolorem voluptatibus. Maxime ullam aspernatur inventore ducimus reprehenderit.', 0, '2018-11-15 06:29:02', '2018-11-15 06:29:02'),
(157, 10, 'Uriah Satterfield', 'Est sit suscipit est. Asperiores sequi quae consequuntur et. Nemo non non labore qui sit quia dicta. Nihil porro voluptas ipsum consequuntur delectus consequatur at dolores.', 5, '2018-11-15 06:29:02', '2018-11-15 06:29:02'),
(158, 33, 'Ms. Shannon Langosh IV', 'Omnis eius est laudantium. Cum quod nisi sed sunt qui quasi. Perspiciatis amet est iste a nobis velit quia. Consequatur earum maiores iusto aliquid dignissimos.', 3, '2018-11-15 06:29:02', '2018-11-15 06:29:02'),
(159, 31, 'Darwin Bednar', 'Animi ut veritatis error. Nihil a aliquid occaecati temporibus quisquam. A quo labore omnis quod. Veritatis aperiam laborum deleniti officia.', 4, '2018-11-15 06:29:02', '2018-11-15 06:29:02'),
(160, 3, 'Mr. Barton Veum Sr.', 'Dignissimos dolorem et eum omnis qui aut. Consequuntur molestiae soluta tempora in sapiente doloremque quo.', 4, '2018-11-15 06:29:02', '2018-11-15 06:29:02'),
(161, 1, 'Elton Spinka', 'Totam est cumque quos ut. Hic est et modi nam et accusantium. Ut eum tempore voluptatem incidunt voluptas sit.', 1, '2018-11-15 06:29:02', '2018-11-15 06:29:02'),
(162, 49, 'Miss Bethel Lowe IV', 'Sapiente rerum cupiditate nulla sed consequatur excepturi dolor. Ipsum totam velit incidunt voluptatem voluptatum in quam ratione. Fugit eaque voluptatibus id quibusdam est quaerat non.', 2, '2018-11-15 06:29:02', '2018-11-15 06:29:02'),
(163, 8, 'Jess Yost', 'Quis sit vel provident est a sunt velit. Sunt eum ab est sit tempora et sapiente nobis. Soluta distinctio aut molestias quaerat omnis ratione dolores. Est quod quam ea hic.', 1, '2018-11-15 06:29:02', '2018-11-15 06:29:02'),
(164, 10, 'Celestine Carroll Sr.', 'Rerum vel perspiciatis quisquam. Laborum aut commodi exercitationem tempore voluptatibus. Reiciendis labore quidem quidem quia dignissimos. Atque voluptates tempora odio minus.', 5, '2018-11-15 06:29:02', '2018-11-15 06:29:02'),
(165, 21, 'Andre Reichert', 'Quo assumenda rerum maiores expedita repellendus nihil accusantium. Voluptatem rerum consequatur sit qui ex.', 2, '2018-11-15 06:29:02', '2018-11-15 06:29:02'),
(166, 32, 'Ulises Schneider', 'Ut blanditiis voluptas consequatur nesciunt voluptatem earum. Rem blanditiis vel minima recusandae ratione harum. Fugiat velit pariatur eos.', 2, '2018-11-15 06:29:02', '2018-11-15 06:29:02'),
(167, 4, 'Landen Fadel PhD', 'Quaerat alias odio voluptas qui. Harum magni quaerat voluptatem quis expedita autem aspernatur. Sed qui molestiae nesciunt non laborum iste ducimus. Est rerum cumque soluta alias sapiente aliquid harum.', 5, '2018-11-15 06:29:02', '2018-11-15 06:29:02'),
(168, 14, 'Johnson Kirlin', 'Corrupti sit quia ratione sit quibusdam consectetur qui. Explicabo et nesciunt quia tempore nihil consequatur debitis. Qui culpa velit corporis aperiam maiores nesciunt fugiat. Aspernatur amet quia consequatur unde.', 0, '2018-11-15 06:29:02', '2018-11-15 06:29:02'),
(169, 2, 'Madelyn Haley', 'Amet eius placeat rerum deserunt consequatur. Minus omnis et saepe reiciendis. Enim dicta voluptas natus consequatur non.', 1, '2018-11-15 06:29:02', '2018-11-15 06:29:02'),
(170, 21, 'Rosario Turner', 'Officia sit ut voluptatum eum non ipsa. Eum optio neque facere ea. Amet quia nulla id rerum qui voluptas. Inventore ea non voluptas.', 1, '2018-11-15 06:29:02', '2018-11-15 06:29:02'),
(171, 30, 'Evie Koepp', 'Eum cum facere non et. Iusto earum accusamus magnam at iusto. Impedit occaecati placeat occaecati aut accusantium aut in.', 4, '2018-11-15 06:29:02', '2018-11-15 06:29:02'),
(172, 9, 'Mossie Kovacek', 'Non et sapiente et. Ut minus et molestias qui sunt minus illo. Error nobis iure corrupti et quis sit culpa.', 1, '2018-11-15 06:29:02', '2018-11-15 06:29:02'),
(173, 30, 'Karolann Reinger', 'Sint quia voluptatibus et officia. Itaque veniam aut ipsum. Iusto et nostrum debitis et rerum. Sequi nesciunt aut reprehenderit tempora.', 4, '2018-11-15 06:29:02', '2018-11-15 06:29:02'),
(174, 27, 'Randal Fay', 'Asperiores eaque iusto vero ut sunt qui est. Sunt dolorem repellendus voluptate dolorem possimus nulla. Repellat est qui autem sit aut labore facilis.', 3, '2018-11-15 06:29:02', '2018-11-15 06:29:02'),
(175, 19, 'Miss Madelynn Kilback', 'Quam natus vel sed facere iure quod. Iure voluptate corrupti adipisci dolores. Expedita quae dolor sit optio dolorem cupiditate maiores.', 3, '2018-11-15 06:29:02', '2018-11-15 06:29:02'),
(176, 29, 'Ms. Margaret Nikolaus', 'Sint rem quod autem provident. Hic ad quod maiores asperiores placeat necessitatibus beatae. Nesciunt nobis natus voluptas. Temporibus facilis autem vitae qui exercitationem id architecto.', 3, '2018-11-15 06:29:02', '2018-11-15 06:29:02'),
(177, 15, 'Mr. Jed Harvey', 'Vel odit sit corporis error qui. Et est doloremque tempore. Corporis est consequatur excepturi qui.', 5, '2018-11-15 06:29:02', '2018-11-15 06:29:02'),
(178, 44, 'Davion Rogahn', 'Neque sed similique non distinctio. Non eum exercitationem magnam qui omnis. Officiis laborum sed aut vero. Aut dignissimos magni eius ut quo non repudiandae.', 3, '2018-11-15 06:29:02', '2018-11-15 06:29:02'),
(179, 38, 'Bryce Carter', 'Est nihil ipsam libero earum. Ea doloribus ipsa voluptatem. Rerum facere voluptas ratione ipsam iste earum sapiente.', 2, '2018-11-15 06:29:02', '2018-11-15 06:29:02'),
(180, 16, 'Prof. Reginald Tillman', 'Sint blanditiis dolor rerum eius aut quis voluptas et. Eaque exercitationem incidunt quibusdam. Inventore nisi qui at at. Perspiciatis ipsum et provident ab voluptate sunt autem. Et aut veniam debitis dignissimos.', 3, '2018-11-15 06:29:02', '2018-11-15 06:29:02'),
(181, 40, 'Verdie Ruecker V', 'Laboriosam animi quia quasi odit similique consequuntur debitis. Nemo atque quia ullam debitis. Sint necessitatibus rerum cumque natus expedita. Odio veniam non est illo sed.', 3, '2018-11-15 06:29:02', '2018-11-15 06:29:02'),
(182, 38, 'Roxanne Green II', 'Suscipit architecto itaque cumque vitae et. Laboriosam fugit in delectus quis. Mollitia eius beatae ut quis velit et et labore. Natus earum sunt et consectetur iste quibusdam. Et minus ea molestias nobis.', 3, '2018-11-15 06:29:02', '2018-11-15 06:29:02'),
(183, 20, 'Evert Feeney', 'Itaque corrupti fugiat aut quia dolor eos. Omnis porro quo et neque incidunt aut expedita consectetur. Ea rerum qui id rem. Quo veritatis ut dolore vero est excepturi. Blanditiis dicta excepturi et nulla amet consequatur.', 3, '2018-11-15 06:29:02', '2018-11-15 06:29:02'),
(184, 34, 'Celine Ratke', 'Nemo numquam vitae culpa adipisci reprehenderit sapiente. Ducimus voluptate aliquid aut. Eum ad aperiam corrupti nulla error tempora dolores.', 5, '2018-11-15 06:29:02', '2018-11-15 06:29:02'),
(185, 12, 'Gilbert Pagac', 'Assumenda labore consectetur omnis odio quisquam. Vel laudantium tempora esse voluptatem iure minima quia aut. Neque quia quo accusamus. Adipisci sequi mollitia dolor rerum nam quia ut beatae.', 1, '2018-11-15 06:29:02', '2018-11-15 06:29:02'),
(186, 32, 'Prof. Melisa Beatty', 'Eum eaque doloremque est aperiam velit sequi iure. Non tenetur et repellat. Sed voluptatum modi consequatur rerum commodi et.', 2, '2018-11-15 06:29:02', '2018-11-15 06:29:02'),
(187, 5, 'Kennedy McKenzie', 'Commodi nostrum rerum sunt est reiciendis aut. Quas sint sapiente ipsa corporis possimus. Deleniti ducimus veniam tempora saepe explicabo ut. In impedit dolore quaerat delectus sit.', 2, '2018-11-15 06:29:02', '2018-11-15 06:29:02'),
(188, 48, 'Dr. Jordyn Considine', 'Quos qui in qui architecto voluptate doloremque. Et quis nesciunt quasi iusto consequatur consequatur. Quia ipsa atque iure.', 0, '2018-11-15 06:29:02', '2018-11-15 06:29:02'),
(189, 50, 'Prof. Barry Von II', 'Animi magni sed odio quis. Tempora rem cumque dignissimos tempore.', 5, '2018-11-15 06:29:02', '2018-11-15 06:29:02'),
(190, 45, 'Anya Bahringer', 'Vitae possimus odio libero eos eius aspernatur qui. Minima nemo fugiat cumque in quae vel consequatur aperiam. Qui at nulla ipsam est maxime. Dolor voluptatem nesciunt sint illum. Ipsum nemo assumenda commodi voluptatibus.', 3, '2018-11-15 06:29:02', '2018-11-15 06:29:02'),
(191, 5, 'William Balistreri', 'Quibusdam tempora consequatur quaerat itaque. Inventore totam animi sequi et rerum. Numquam magnam enim deleniti illo incidunt. Unde assumenda omnis consectetur et.', 0, '2018-11-15 06:29:02', '2018-11-15 06:29:02'),
(192, 11, 'Bartholome Greenfelder', 'Aliquid qui accusamus sapiente eos molestias aut quis. Iure eligendi molestiae accusamus non aut a et. Incidunt fuga nesciunt perferendis modi voluptas.', 2, '2018-11-15 06:29:02', '2018-11-15 06:29:02'),
(193, 44, 'Rosalinda Bahringer', 'Voluptate aliquid est eum fugiat repudiandae. Praesentium dolorem omnis quo. Temporibus dicta mollitia ut veritatis porro quo. Velit aut ad beatae quis deleniti non.', 5, '2018-11-15 06:29:02', '2018-11-15 06:29:02'),
(194, 11, 'Mozell Johns', 'Architecto soluta dicta rerum explicabo. Rerum fugiat consequatur rerum illo laborum. Ratione beatae aut aliquid deserunt ut adipisci numquam. Voluptates et quis necessitatibus id aut eligendi.', 2, '2018-11-15 06:29:02', '2018-11-15 06:29:02'),
(195, 5, 'Chanel Emmerich', 'Quisquam ut esse sint eos. Accusamus quibusdam accusantium labore necessitatibus. Quo temporibus veritatis quo officia sed. Cum est fuga reiciendis et ipsum repellat explicabo. Repellendus omnis unde qui.', 4, '2018-11-15 06:29:02', '2018-11-15 06:29:02'),
(196, 34, 'Prof. Veda Balistreri', 'Aspernatur id temporibus et eos et dolorem. Dolor quo consequatur optio voluptas accusamus impedit. Amet illo voluptatem perspiciatis laboriosam vero. Ab est repudiandae dolores ut ab qui.', 4, '2018-11-15 06:29:02', '2018-11-15 06:29:02'),
(197, 37, 'Petra Batz', 'Rerum omnis dicta amet qui itaque. Voluptates sit porro et dolores sed. Nulla dolores voluptatum quae. Excepturi voluptatum nostrum voluptatem id rerum at.', 5, '2018-11-15 06:29:02', '2018-11-15 06:29:02'),
(198, 13, 'Sylvia Jacobi', 'Non eveniet perspiciatis non officiis assumenda. Iste aut qui eos velit commodi optio. Aut quia ea id autem.', 4, '2018-11-15 06:29:02', '2018-11-15 06:29:02'),
(199, 15, 'Monte Bednar', 'Modi reprehenderit eos distinctio vel aut occaecati expedita. Et doloremque nihil dolor voluptas cupiditate deserunt.', 4, '2018-11-15 06:29:02', '2018-11-15 06:29:02'),
(200, 9, 'Ella Kovacek II', 'Aut officia quia ex in commodi. Impedit esse voluptas illum alias voluptates voluptates. Corrupti ipsa consectetur velit voluptas vitae nihil mollitia. Sunt nam corporis quia.', 1, '2018-11-15 06:29:02', '2018-11-15 06:29:02'),
(201, 11, 'Henriette Labadie', 'Ratione sit quo perferendis reiciendis et doloremque. Iusto tenetur voluptatem facilis sit ipsa exercitationem. Dolores nostrum voluptatem unde. Itaque voluptatibus ea et voluptatem itaque omnis et.', 3, '2018-11-15 06:29:02', '2018-11-15 06:29:02'),
(202, 42, 'Sandy O\'Connell', 'Est tempore eum possimus. Qui voluptatem consequuntur qui ea autem labore quo. Amet in voluptatem voluptas autem a animi. Nobis fugit ea qui voluptatem nihil optio.', 1, '2018-11-15 06:29:02', '2018-11-15 06:29:02'),
(203, 9, 'Prof. Cheyenne Kreiger', 'Consequatur assumenda nulla et. Est odio magni impedit exercitationem eos nulla expedita voluptas. Porro deserunt totam rerum omnis. Ea voluptatem excepturi est aperiam praesentium dolore nobis.', 1, '2018-11-15 06:29:02', '2018-11-15 06:29:02'),
(204, 2, 'Quinton Dickinson', 'Porro inventore qui rem impedit est est ipsa. Quia atque placeat qui saepe dolorum. Non est ex consequatur rerum sapiente unde.', 4, '2018-11-15 06:29:02', '2018-11-15 06:29:02'),
(205, 36, 'Else Walter', 'Laboriosam sed quia sapiente. Dolorum veniam quia rem vero natus nesciunt quis. Et culpa aspernatur aut mollitia ut. Molestiae enim corrupti molestiae debitis eos.', 2, '2018-11-15 06:29:02', '2018-11-15 06:29:02'),
(206, 9, 'Alice Jones', 'Dignissimos quasi eos qui delectus consectetur harum praesentium. Ea excepturi suscipit ut. Ipsam corporis dolores quia non. Earum consequatur laboriosam laboriosam quibusdam natus est.', 5, '2018-11-15 06:29:02', '2018-11-15 06:29:02'),
(207, 12, 'Mr. Melany Dare Sr.', 'Et ut autem quam non sapiente repudiandae. Illo ipsam et tenetur ipsa molestias facilis et. Aut unde et doloribus eos ratione. Sunt ut consequuntur tempora fuga ex.', 2, '2018-11-15 06:29:02', '2018-11-15 06:29:02'),
(208, 12, 'Cordia Goyette', 'Quibusdam totam dolore laborum nihil. Laboriosam sit accusantium labore est libero est necessitatibus. Accusantium aperiam sed vel optio ad deserunt sunt.', 0, '2018-11-15 06:29:02', '2018-11-15 06:29:02'),
(209, 43, 'Mr. Kyle Schowalter', 'Aspernatur quia facilis rerum qui nulla dolorem quis. Voluptatem harum enim est et sit voluptatibus. Sequi officia et quasi qui possimus quasi fugiat.', 4, '2018-11-15 06:29:02', '2018-11-15 06:29:02'),
(210, 12, 'Mallory Stiedemann Sr.', 'Ut molestiae autem atque. Repellat dicta autem doloribus sint ipsa est facere veritatis.', 2, '2018-11-15 06:29:02', '2018-11-15 06:29:02');
INSERT INTO `reviews` (`id`, `product_id`, `customer`, `review`, `star`, `created_at`, `updated_at`) VALUES
(211, 38, 'Keon Dicki', 'Neque et quis et. Autem perferendis eius tempora perspiciatis quod quis maiores. Soluta et aut officia consequatur. Vitae repudiandae assumenda dignissimos quis sequi in impedit.', 0, '2018-11-15 06:29:02', '2018-11-15 06:29:02'),
(212, 28, 'Lavina Stiedemann', 'Expedita est ut aut ipsa recusandae provident. Qui voluptatem consequatur doloremque deserunt aut et sequi consequatur. Distinctio quia accusantium officiis. Aspernatur in et veritatis aliquam excepturi.', 4, '2018-11-15 06:29:02', '2018-11-15 06:29:02'),
(213, 7, 'Royal Crona', 'Eaque laborum est voluptatem et quasi. Temporibus cumque voluptatibus officiis sunt maiores aut eaque quibusdam. Molestiae eveniet repellendus explicabo et.', 4, '2018-11-15 06:29:02', '2018-11-15 06:29:02'),
(214, 50, 'Susie Bednar DVM', 'Et ab commodi architecto molestiae provident commodi. Nam ex velit aperiam id qui.', 3, '2018-11-15 06:29:02', '2018-11-15 06:29:02'),
(215, 8, 'Theodore Spencer', 'Ex placeat molestias natus quia. Eum quia est asperiores culpa ipsam doloremque.', 1, '2018-11-15 06:29:02', '2018-11-15 06:29:02'),
(216, 2, 'Kailyn Runolfsson III', 'Ut veniam repellat enim enim animi ex magni. Amet quis cupiditate vel. Aut qui rerum placeat in ipsum distinctio. Rerum porro consectetur assumenda magnam ea minima iure. Est qui consectetur sed et cumque perferendis.', 4, '2018-11-15 06:29:02', '2018-11-15 06:29:02'),
(217, 15, 'Nikita Bailey', 'Voluptatem quidem in minima sed eos vero ratione. Quia corporis vitae veniam ab quibusdam. Magni fuga aut et error.', 3, '2018-11-15 06:29:02', '2018-11-15 06:29:02'),
(218, 47, 'Pascale Mayer', 'Unde optio quas quisquam. Iusto et aspernatur explicabo voluptas eos vitae. Corporis perferendis deserunt aliquam doloribus a.', 0, '2018-11-15 06:29:02', '2018-11-15 06:29:02'),
(219, 50, 'Dr. Brianne Miller', 'Nisi reiciendis quaerat vel ducimus qui ipsam ut. Ut sapiente consequatur officiis laboriosam est dolor. Eum optio provident minima totam. Reprehenderit ipsam ut qui nihil possimus ut delectus.', 2, '2018-11-15 06:29:02', '2018-11-15 06:29:02'),
(220, 26, 'Martine Armstrong', 'Impedit id maxime eligendi. Sit ducimus itaque sequi aut. Voluptatem voluptas laborum at.', 2, '2018-11-15 06:29:02', '2018-11-15 06:29:02'),
(221, 14, 'Milford Conroy', 'Repellat a quasi non numquam. Saepe accusamus ut sed perferendis dignissimos. Ea pariatur voluptatem sunt rerum delectus hic hic dolore. Tempora nesciunt esse pariatur aut nostrum dolor.', 1, '2018-11-15 06:29:02', '2018-11-15 06:29:02'),
(222, 30, 'Emely Sporer', 'Officiis consectetur est dolor ut voluptatem a similique. Voluptas voluptatem vitae recusandae ut. Odit iste vel velit at molestiae unde veritatis. Sint sed tenetur velit quod omnis quia accusamus.', 4, '2018-11-15 06:29:02', '2018-11-15 06:29:02'),
(223, 22, 'Robb Koss', 'Placeat enim quam voluptatibus saepe repellat qui exercitationem. A omnis laudantium perspiciatis et. Sed atque ad provident illo sed. Et natus adipisci et molestias non est.', 1, '2018-11-15 06:29:02', '2018-11-15 06:29:02'),
(224, 33, 'Miss Claudia Gorczany', 'Suscipit vero atque perferendis earum ut magni. Velit quisquam ullam expedita deserunt ipsa sapiente. Consequatur quisquam dolorem nemo.', 2, '2018-11-15 06:29:02', '2018-11-15 06:29:02'),
(225, 27, 'Hassie Gibson', 'Eligendi eum ipsa quia minima incidunt. Nam dicta nobis totam atque.', 4, '2018-11-15 06:29:02', '2018-11-15 06:29:02'),
(226, 28, 'Rachael Satterfield', 'Atque dolores qui nobis ab. Quo cupiditate vitae dicta. Ex quaerat et dolore eaque tenetur dolorum. Omnis tempore ratione est et est. Quibusdam ipsum et excepturi sint quas officia nihil.', 3, '2018-11-15 06:29:02', '2018-11-15 06:29:02'),
(227, 35, 'Mr. Alden Reynolds DVM', 'Natus adipisci repellat iusto. Quia sequi voluptas magnam et voluptate. Porro est error quo. Sunt illum fugiat cum nemo molestias consectetur dolorum dolore.', 1, '2018-11-15 06:29:02', '2018-11-15 06:29:02'),
(228, 37, 'Riley Botsford', 'Odit quisquam quod corporis sequi et deserunt enim. Impedit nulla unde unde. Voluptas vero sunt quidem qui recusandae ut. Et provident omnis quod veritatis.', 0, '2018-11-15 06:29:02', '2018-11-15 06:29:02'),
(229, 40, 'Prof. Adolf Stiedemann MD', 'Delectus veniam dignissimos deleniti officia. Rem et hic fuga delectus quis. Exercitationem est delectus minus.', 3, '2018-11-15 06:29:02', '2018-11-15 06:29:02'),
(230, 23, 'Khalil Jerde', 'Omnis sit numquam saepe ab rerum non itaque. Illum non sit molestiae.', 4, '2018-11-15 06:29:02', '2018-11-15 06:29:02'),
(231, 12, 'Delphine Mayer Jr.', 'Dolores non deleniti esse. Inventore consequuntur laboriosam qui similique quod inventore. Iusto dolorum aut similique vel porro. Consequatur aperiam nihil ipsum explicabo quam ipsam.', 5, '2018-11-15 06:29:02', '2018-11-15 06:29:02'),
(232, 42, 'Ms. Allene Altenwerth', 'Consequuntur laudantium maiores qui consequatur est soluta id. Accusantium non voluptatum dolorem adipisci. Optio provident sit et repellat.', 3, '2018-11-15 06:29:02', '2018-11-15 06:29:02'),
(233, 3, 'Celestine Hill', 'Deserunt vitae aut non est excepturi dolorum consequatur. Doloribus ex quibusdam velit aliquid. Et dolores totam aut deleniti quasi non velit.', 3, '2018-11-15 06:29:02', '2018-11-15 06:29:02'),
(234, 21, 'Mrs. Josephine Hills', 'Eum aliquam hic omnis ex. Adipisci et ad quasi qui est et. Ex perspiciatis quisquam minus.', 0, '2018-11-15 06:29:02', '2018-11-15 06:29:02'),
(235, 4, 'Wilfrid Walker', 'Temporibus mollitia repudiandae distinctio minus necessitatibus. Dignissimos illo neque quisquam officiis quisquam. Iste expedita sunt fugit enim eligendi distinctio iste recusandae.', 5, '2018-11-15 06:29:02', '2018-11-15 06:29:02'),
(236, 20, 'Wade Kunde Sr.', 'Libero aut nemo tenetur. Corrupti nemo animi reprehenderit rerum quis libero. Aut qui consequuntur alias ut eaque blanditiis. Fugit saepe iure aliquid nostrum.', 3, '2018-11-15 06:29:02', '2018-11-15 06:29:02'),
(237, 45, 'Letha Anderson Jr.', 'Aut enim iure aperiam magnam aut doloribus. Ex qui voluptatem mollitia aut. Quia voluptatem sed et corporis. Ipsum porro voluptas voluptatem quia provident voluptate error nesciunt.', 3, '2018-11-15 06:29:02', '2018-11-15 06:29:02'),
(238, 26, 'Nettie McDermott', 'Nam aspernatur libero sunt numquam sed natus. In quos et velit tenetur nesciunt sint voluptatum. Pariatur magnam expedita rem voluptatem. Omnis pariatur ad tenetur quos aut sapiente facere.', 4, '2018-11-15 06:29:02', '2018-11-15 06:29:02'),
(239, 15, 'Mervin Lebsack', 'Voluptas quisquam rerum sequi nulla vel. Autem odio aut quia qui cupiditate. Perspiciatis laudantium provident voluptatem. Nulla accusantium consequatur beatae sint.', 1, '2018-11-15 06:29:02', '2018-11-15 06:29:02'),
(240, 28, 'Carlee Rodriguez', 'Ipsum voluptatem laudantium quia qui cum quia et. Repudiandae aperiam consequatur debitis omnis suscipit. Qui accusantium iure voluptatem id aut quia quis.', 2, '2018-11-15 06:29:02', '2018-11-15 06:29:02'),
(241, 18, 'Loyal Graham', 'Placeat eaque est officia voluptatem. Eos corporis ut aliquid maxime tenetur iure. Dolorem est iusto sed tenetur temporibus.', 4, '2018-11-15 06:29:02', '2018-11-15 06:29:02'),
(242, 30, 'Mr. Remington Price II', 'Error et modi saepe quisquam nihil. Sunt sint blanditiis quia nihil explicabo. Ratione sed aut voluptatem voluptatem quia veniam ut perferendis. Iste accusantium sit autem alias eum ipsa sit.', 3, '2018-11-15 06:29:02', '2018-11-15 06:29:02'),
(243, 47, 'Cassie Romaguera', 'Velit pariatur consequatur ab sed. Optio id repellat enim nobis cum optio asperiores. Consequuntur sed dolores qui consectetur unde aliquam eos.', 3, '2018-11-15 06:29:02', '2018-11-15 06:29:02'),
(244, 33, 'Jarret Wilkinson', 'Quod sed accusantium vero dolore asperiores. Dolorum quia et et voluptatibus. Quis deleniti sint vel totam fugiat. Velit suscipit dolorem eveniet vero minima. Beatae omnis laborum qui saepe dicta repellat.', 1, '2018-11-15 06:29:02', '2018-11-15 06:29:02'),
(245, 35, 'Prof. Stella Robel', 'Voluptatum non quia est facilis eius dolores. Repellat ut voluptatem sunt aut. Unde ipsum atque soluta quia.', 1, '2018-11-15 06:29:02', '2018-11-15 06:29:02'),
(246, 4, 'Janie Hackett', 'Nobis est sint quia qui officiis et. In optio veniam est reprehenderit in voluptatum. Laborum et ad voluptatem eaque quasi tempora ut. Ut et dolore perspiciatis aperiam et aperiam.', 0, '2018-11-15 06:29:02', '2018-11-15 06:29:02'),
(247, 41, 'Kristina Kohler', 'Tenetur veritatis necessitatibus dolor necessitatibus. Quod laborum et repellat sunt. Voluptatibus omnis eos autem voluptatem ducimus doloribus.', 4, '2018-11-15 06:29:02', '2018-11-15 06:29:02'),
(248, 46, 'Mr. Antwon Waters III', 'Perferendis et rerum molestias aliquid. Nostrum quisquam magni minus sint eveniet. Quibusdam veniam vel voluptas consequatur ut tenetur.', 1, '2018-11-15 06:29:02', '2018-11-15 06:29:02'),
(249, 34, 'Wilfred Klocko', 'Aspernatur dolor omnis est consequatur veritatis autem et. Natus voluptatem eum ut et. Aut in neque debitis porro nihil et fugit. Dolorum assumenda eos non ut adipisci quis. Voluptates dolor nisi voluptatum ducimus quia aut reiciendis.', 3, '2018-11-15 06:29:02', '2018-11-15 06:29:02'),
(250, 49, 'Marlon Medhurst', 'Alias quos a quas alias voluptatum. Nam dolorum nemo accusantium pariatur cupiditate aut aut consequuntur. Consequatur ut harum cum enim ut. Occaecati praesentium minus consequatur ex.', 1, '2018-11-15 06:29:02', '2018-11-15 06:29:02'),
(251, 22, 'Amira Hills', 'Blanditiis sit rerum pariatur. Facilis accusamus aut sint voluptatum. Commodi architecto quaerat laboriosam ea. Quisquam optio ullam deserunt nihil consequatur rerum.', 4, '2018-11-15 06:29:02', '2018-11-15 06:29:02'),
(252, 28, 'Colby Wolff', 'Consectetur dolores delectus quidem dolorum. Enim ipsam harum qui rerum omnis optio numquam debitis. Veritatis aut numquam dolorum et. Rem aut expedita ut.', 2, '2018-11-15 06:29:02', '2018-11-15 06:29:02'),
(253, 23, 'Torrey Littel', 'Molestias fuga et itaque id expedita impedit. Vel ut sed illo facilis aliquid. Et quo a asperiores maxime voluptatum vel expedita quos.', 2, '2018-11-15 06:29:02', '2018-11-15 06:29:02'),
(254, 20, 'Cierra Johnston', 'Id illo qui et eius voluptatum. Beatae voluptatum iste eligendi dolor quia aut dolor ut. Sunt dolores aliquam necessitatibus quia aliquam odit earum id. Et voluptatem et rerum dolore.', 5, '2018-11-15 06:29:02', '2018-11-15 06:29:02'),
(255, 47, 'Mr. Alfredo Wilkinson II', 'Vel officiis consequatur velit est eos aliquam ut. Aut reiciendis maxime voluptatem ipsum iure earum sunt in. Dolorem tempora eos eum sed et magnam. Iste non tempora et et cumque.', 2, '2018-11-15 06:29:02', '2018-11-15 06:29:02'),
(256, 31, 'Candida Windler', 'Porro asperiores doloremque sunt consequatur dolores ratione eaque unde. Omnis ipsa et ex a cumque. Nihil deserunt vero repellendus vel repellendus.', 0, '2018-11-15 06:29:02', '2018-11-15 06:29:02'),
(257, 35, 'Dr. Lily Huels IV', 'Qui illo rerum dolore natus tempora. Omnis sunt quasi commodi provident quos officiis voluptatibus dolorem. Aperiam autem aut quibusdam provident minima omnis.', 4, '2018-11-15 06:29:02', '2018-11-15 06:29:02'),
(258, 12, 'Montana Pouros', 'Aut rem sunt ex. Eius nemo magnam nobis aut corporis perspiciatis. Vero nesciunt occaecati voluptatem omnis. Labore nulla totam non voluptatum.', 4, '2018-11-15 06:29:02', '2018-11-15 06:29:02'),
(259, 42, 'Prof. Pierre Bosco', 'Et quos non sapiente rerum eligendi voluptas laboriosam. Tempore quae assumenda quae ut nesciunt. Exercitationem impedit aut sed at quo.', 4, '2018-11-15 06:29:02', '2018-11-15 06:29:02'),
(260, 20, 'Dr. Meda Spinka III', 'Maxime sequi error harum sed. Placeat voluptatem nulla cum. Maxime aspernatur sunt eum. Et id quia culpa quis quae.', 0, '2018-11-15 06:29:02', '2018-11-15 06:29:02'),
(261, 30, 'Brant D\'Amore', 'Reprehenderit qui vitae reiciendis sequi tempora. Praesentium dolor mollitia et sapiente.', 1, '2018-11-15 06:29:02', '2018-11-15 06:29:02'),
(262, 33, 'Earnestine Trantow V', 'Repudiandae commodi rerum autem aut similique non. Possimus excepturi reiciendis repudiandae sunt neque fugiat enim. Voluptatem doloremque dolore aut impedit dolorem qui id.', 3, '2018-11-15 06:29:02', '2018-11-15 06:29:02'),
(263, 40, 'Monique Stamm', 'Quam rerum rerum commodi cumque vel suscipit nostrum. Quia quia dolores dolor possimus nemo. Aut exercitationem voluptas laborum pariatur qui accusamus.', 5, '2018-11-15 06:29:02', '2018-11-15 06:29:02'),
(264, 2, 'Alba Thiel', 'Ea officia quis quasi voluptatem quos voluptas quam quo. Quo soluta nemo et laborum perferendis. Hic dolor voluptatum dicta iusto nam. Est non consectetur delectus corrupti vero saepe. Ea nesciunt enim id tempore occaecati ut nihil inventore.', 0, '2018-11-15 06:29:02', '2018-11-15 06:29:02'),
(265, 18, 'Elta Nienow', 'Ullam et ratione modi repellat veniam corrupti nobis. Non vero quae sequi nam. Ea laudantium maxime tempore quia sit sit et.', 0, '2018-11-15 06:29:02', '2018-11-15 06:29:02'),
(266, 29, 'Fannie Bauch', 'Dolores at laboriosam reprehenderit. Maiores laudantium quis similique sit. Quis ea quaerat necessitatibus et blanditiis ratione. Velit impedit cumque non omnis nobis.', 5, '2018-11-15 06:29:02', '2018-11-15 06:29:02'),
(267, 21, 'Mr. Oliver O\'Conner IV', 'Nisi officiis soluta tempora nemo. Rerum est voluptatem eum aliquam suscipit. Nulla est sed ea reprehenderit officiis debitis.', 0, '2018-11-15 06:29:02', '2018-11-15 06:29:02'),
(268, 37, 'Robert Thiel', 'Fugit consequatur voluptate harum et culpa enim. Et qui officiis et nemo. Facere iure eum aliquid provident iure necessitatibus similique. Autem neque aut sit.', 2, '2018-11-15 06:29:02', '2018-11-15 06:29:02'),
(269, 12, 'Katharina Kuhn', 'Quia asperiores natus earum praesentium nihil. Sunt alias ad esse accusamus et qui velit.', 1, '2018-11-15 06:29:02', '2018-11-15 06:29:02'),
(270, 49, 'Marie Bergnaum', 'Odio natus dolores deserunt eum maiores harum. Ut quas modi aut voluptate tempore est. Ad id consectetur tempora eum hic cum ut.', 2, '2018-11-15 06:29:02', '2018-11-15 06:29:02'),
(271, 1, 'Cydney Fritsch', 'Doloribus tenetur est est odio. Eveniet facere ullam necessitatibus dolorem iusto consequatur praesentium laudantium.', 4, '2018-11-15 06:29:02', '2018-11-15 06:29:02'),
(272, 17, 'Pansy Fritsch I', 'Magnam explicabo et blanditiis rerum. Soluta sed et quibusdam aut placeat aut ab sit. Nobis vel sint illo rem inventore accusantium. Molestiae pariatur id quia possimus sed ut.', 3, '2018-11-15 06:29:02', '2018-11-15 06:29:02'),
(273, 8, 'Emory Nitzsche', 'Quasi veniam libero quasi laborum voluptas soluta. Qui temporibus et rerum ducimus nostrum in consequatur et. Molestiae recusandae consequatur molestiae ipsum minus.', 2, '2018-11-15 06:29:02', '2018-11-15 06:29:02'),
(274, 20, 'Billie Kessler', 'Fugit ea ipsum facere quaerat sunt. Facilis consequuntur accusantium eum cum. Rerum numquam eos eveniet qui. Non est animi voluptas.', 3, '2018-11-15 06:29:02', '2018-11-15 06:29:02'),
(275, 24, 'Mrs. Elaina Eichmann Sr.', 'Voluptas dolorum hic illum facere reiciendis et. Labore fugiat praesentium qui nemo a error. Officia voluptatibus totam accusamus alias. Et voluptatem dicta accusantium repellat voluptatem.', 3, '2018-11-15 06:29:02', '2018-11-15 06:29:02'),
(276, 44, 'Ezekiel Kohler DDS', 'Vel incidunt mollitia eaque. Consequuntur laboriosam explicabo quia ipsa quisquam. Sint eligendi quisquam qui tempore vero debitis sed.', 5, '2018-11-15 06:29:02', '2018-11-15 06:29:02'),
(277, 14, 'Chelsie Halvorson', 'Quia aut ipsa magnam est. Temporibus veniam quisquam ipsum esse delectus fugiat. Nobis et expedita et laboriosam sed labore suscipit eum. Illo quia qui nemo et.', 5, '2018-11-15 06:29:02', '2018-11-15 06:29:02'),
(278, 47, 'Dr. Neha Konopelski', 'Sit neque veniam perspiciatis voluptatibus ducimus laborum. Inventore optio sapiente quo atque tempora vero eius deserunt. Eos in magnam sed dolorum. Nam labore iusto accusantium perferendis architecto vero voluptatem.', 3, '2018-11-15 06:29:02', '2018-11-15 06:29:02'),
(279, 40, 'Dr. General Gorczany III', 'Quae incidunt et eaque et quaerat adipisci repudiandae. Rem possimus sunt nemo labore inventore doloribus hic. Iusto natus consectetur est non et sint omnis.', 3, '2018-11-15 06:29:02', '2018-11-15 06:29:02'),
(280, 21, 'Prof. Ayla Lowe MD', 'Aspernatur dolore at pariatur perferendis eum voluptate deserunt. Suscipit optio sed est provident sed a similique. Et est aperiam et nulla.', 5, '2018-11-15 06:29:02', '2018-11-15 06:29:02'),
(281, 35, 'Evelyn Medhurst', 'Illum itaque odio et. Sunt corrupti explicabo sequi. In esse in dolores. Aut voluptatem velit tenetur aliquid odio.', 1, '2018-11-15 06:29:02', '2018-11-15 06:29:02'),
(282, 4, 'Deborah Harvey I', 'Quidem ducimus esse illo atque necessitatibus. Et non labore soluta. Sint sint eos ut dolorum dignissimos.', 5, '2018-11-15 06:29:02', '2018-11-15 06:29:02'),
(283, 44, 'Miss Tyra Koepp DVM', 'Rerum labore illum rem quas. Quo accusantium aut aliquam quidem consequuntur et sit. Optio labore ipsum ullam eos minima adipisci est. Hic id suscipit ratione magnam at ut consequatur harum.', 2, '2018-11-15 06:29:02', '2018-11-15 06:29:02'),
(284, 34, 'Ms. Rachael Murazik', 'Aut ut sunt dolor dolores omnis dolores. Praesentium qui iusto non sequi aut a. Placeat iusto qui iusto ducimus. Et sit nemo repellat modi nemo ut error.', 0, '2018-11-15 06:29:02', '2018-11-15 06:29:02'),
(285, 12, 'Cielo Erdman', 'Ex ratione qui eum est. Et et molestias sapiente molestiae qui. Voluptas ut quia praesentium architecto aut reprehenderit.', 0, '2018-11-15 06:29:02', '2018-11-15 06:29:02'),
(286, 26, 'Easton Jones', 'Vel et voluptate blanditiis ullam cum dolores sunt. Occaecati iusto consequatur sit et ut consequatur. Omnis dignissimos quam sunt esse sint dolores tempore. In adipisci cupiditate ad quod laudantium nulla.', 0, '2018-11-15 06:29:02', '2018-11-15 06:29:02'),
(287, 27, 'Dr. Jasmin Flatley II', 'Qui rerum ad est qui expedita quae. Nobis eum unde aut assumenda ut. Laudantium nam impedit placeat et qui.', 3, '2018-11-15 06:29:02', '2018-11-15 06:29:02'),
(288, 7, 'Ole Runolfsson', 'Eos alias quis delectus repellendus. Eum non voluptates eos eaque rerum ratione nobis consequuntur. Cupiditate sunt minus blanditiis blanditiis voluptate suscipit quibusdam. Velit cum libero debitis.', 4, '2018-11-15 06:29:02', '2018-11-15 06:29:02'),
(289, 14, 'Polly Bernhard', 'A ipsam occaecati occaecati est sint animi esse. Molestiae in dolore consequatur quasi delectus quibusdam. Vel facilis esse qui itaque deleniti excepturi. Harum aperiam corrupti ea deleniti dolores.', 3, '2018-11-15 06:29:02', '2018-11-15 06:29:02'),
(290, 1, 'Chadrick Jerde', 'Tempora tenetur nihil ullam dicta ut ipsum. In voluptas quis minus assumenda consectetur fugiat. Voluptatum rem non ex incidunt. Qui quia porro voluptatum molestiae esse tenetur id.', 2, '2018-11-15 06:29:02', '2018-11-15 06:29:02'),
(291, 13, 'Prof. Vicente Kunde DVM', 'Quis reprehenderit voluptatum sed sunt aspernatur exercitationem qui corrupti. Atque delectus et quo aut. Nesciunt voluptas et illo perferendis. Officiis praesentium qui sit autem.', 1, '2018-11-15 06:29:02', '2018-11-15 06:29:02'),
(292, 12, 'Thora Casper', 'Quia non assumenda sunt aliquam. Porro placeat omnis consequatur placeat minima possimus. Numquam sint id tempora. Fugit tempore dolores ducimus enim.', 2, '2018-11-15 06:29:02', '2018-11-15 06:29:02'),
(293, 33, 'Isidro Fadel', 'Quia suscipit tempore dolores dolores modi animi culpa vel. Iure inventore labore adipisci ut. Iure et sint aut sequi id cupiditate. Maiores qui error sequi aut rem debitis.', 2, '2018-11-15 06:29:02', '2018-11-15 06:29:02'),
(294, 9, 'Beulah Nader', 'Aut ipsum sunt odio architecto animi tenetur officiis. Eaque aspernatur ad porro eum quaerat consequatur et omnis. Facilis culpa sit consequatur occaecati aut.', 4, '2018-11-15 06:29:02', '2018-11-15 06:29:02'),
(295, 14, 'Wilton Dooley', 'Consequatur est a inventore quasi officia vero cum. Suscipit iste atque deserunt nihil in. Est aliquid eius praesentium sed aut.', 0, '2018-11-15 06:29:02', '2018-11-15 06:29:02'),
(296, 30, 'Amie Dietrich II', 'Et dolorem velit excepturi expedita doloremque est. Aliquid perferendis magni magni. Ipsam nam quam delectus.', 5, '2018-11-15 06:29:02', '2018-11-15 06:29:02'),
(297, 31, 'Omari Osinski', 'Dolores vel vel quam quo. Exercitationem tempore ut rerum. Eaque amet soluta in.', 2, '2018-11-15 06:29:02', '2018-11-15 06:29:02'),
(298, 49, 'Casey White', 'Culpa quo delectus animi et. Sequi debitis omnis qui et laborum. Cumque qui laudantium dicta numquam ad. Voluptatum nesciunt et et atque dolor.', 1, '2018-11-15 06:29:02', '2018-11-15 06:29:02'),
(299, 1, 'Mr. Adolfo Gerhold III', 'Cumque tenetur eveniet voluptatum. Voluptatem reiciendis ipsam numquam nihil et dolorem corporis. Earum delectus eaque quo. Eum et temporibus labore blanditiis rem consequatur.', 2, '2018-11-15 06:29:02', '2018-11-15 06:29:02'),
(300, 33, 'Cody Morar', 'Vel repellendus dolorem perferendis aperiam nesciunt. Explicabo molestiae non eius corrupti a consectetur in neque. Modi quis et blanditiis natus.', 1, '2018-11-15 06:29:02', '2018-11-15 06:29:02');

-- --------------------------------------------------------

--
-- Table structure for table `users`
--

DROP TABLE IF EXISTS `users`;
CREATE TABLE IF NOT EXISTS `users` (
  `id` int(10) UNSIGNED NOT NULL AUTO_INCREMENT,
  `name` varchar(255) COLLATE utf8_unicode_ci NOT NULL,
  `email` varchar(255) COLLATE utf8_unicode_ci NOT NULL,
  `email_verified_at` timestamp NULL DEFAULT NULL,
  `password` varchar(255) COLLATE utf8_unicode_ci NOT NULL,
  `remember_token` varchar(100) COLLATE utf8_unicode_ci DEFAULT NULL,
  `created_at` timestamp NULL DEFAULT NULL,
  `updated_at` timestamp NULL DEFAULT NULL,
  PRIMARY KEY (`id`),
  UNIQUE KEY `users_email_unique` (`email`)
) ENGINE=MyISAM AUTO_INCREMENT=6 DEFAULT CHARSET=utf8 COLLATE=utf8_unicode_ci;

--
-- Dumping data for table `users`
--

INSERT INTO `users` (`id`, `name`, `email`, `email_verified_at`, `password`, `remember_token`, `created_at`, `updated_at`) VALUES
(1, 'Emile Lockman', 'caroline.reichert@example.com', '2018-11-15 06:29:02', '$2y$10$TKh8H1.PfQx37YgCzwiKb.KjNyWgaHb9cbcoQgdIVFlYg7B77UdFm', 'QVm06pfN6L', '2018-11-15 06:29:02', '2018-11-15 06:29:02'),
(2, 'Stacey Sauer V', 'rice.javier@example.org', '2018-11-15 06:29:02', '$2y$10$TKh8H1.PfQx37YgCzwiKb.KjNyWgaHb9cbcoQgdIVFlYg7B77UdFm', 'bNedlj2cce', '2018-11-15 06:29:02', '2018-11-15 06:29:02'),
(3, 'Melody Raynor', 'luisa.spinka@example.net', '2018-11-15 06:29:02', '$2y$10$TKh8H1.PfQx37YgCzwiKb.KjNyWgaHb9cbcoQgdIVFlYg7B77UdFm', '8xJWUQszbJ', '2018-11-15 06:29:02', '2018-11-15 06:29:02'),
(4, 'Randy Heidenreich', 'pwalker@example.org', '2018-11-15 06:29:02', '$2y$10$TKh8H1.PfQx37YgCzwiKb.KjNyWgaHb9cbcoQgdIVFlYg7B77UdFm', 'Im6yAzn8Qv', '2018-11-15 06:29:02', '2018-11-15 06:29:02'),
(5, 'Pansy Mann I', 'bzemlak@example.org', '2018-11-15 06:29:02', '$2y$10$TKh8H1.PfQx37YgCzwiKb.KjNyWgaHb9cbcoQgdIVFlYg7B77UdFm', 'Jj0DtuTnYF', '2018-11-15 06:29:02', '2018-11-15 06:29:02');
COMMIT;

/*!40101 SET CHARACTER_SET_CLIENT=@OLD_CHARACTER_SET_CLIENT */;
/*!40101 SET CHARACTER_SET_RESULTS=@OLD_CHARACTER_SET_RESULTS */;
/*!40101 SET COLLATION_CONNECTION=@OLD_COLLATION_CONNECTION */;
