-- phpMyAdmin SQL Dump
-- version 4.7.4
-- https://www.phpmyadmin.net/
--
-- Host: 127.0.0.1:3306
-- Generation Time: Nov 15, 2018 at 07:51 AM
-- Server version: 5.7.19
-- PHP Version: 7.0.23

SET SQL_MODE = "NO_AUTO_VALUE_ON_ZERO";
SET AUTOCOMMIT = 0;
START TRANSACTION;
SET time_zone = "+00:00";


/*!40101 SET @OLD_CHARACTER_SET_CLIENT=@@CHARACTER_SET_CLIENT */;
/*!40101 SET @OLD_CHARACTER_SET_RESULTS=@@CHARACTER_SET_RESULTS */;
/*!40101 SET @OLD_COLLATION_CONNECTION=@@COLLATION_CONNECTION */;
/*!40101 SET NAMES utf8mb4 */;

--
-- Database: `create_api`
--

-- --------------------------------------------------------

--
-- Table structure for table `migrations`
--

DROP TABLE IF EXISTS `migrations`;
CREATE TABLE IF NOT EXISTS `migrations` (
  `id` int(10) UNSIGNED NOT NULL AUTO_INCREMENT,
  `migration` varchar(255) COLLATE utf8_unicode_ci NOT NULL,
  `batch` int(11) NOT NULL,
  PRIMARY KEY (`id`)
) ENGINE=MyISAM AUTO_INCREMENT=10 DEFAULT CHARSET=utf8 COLLATE=utf8_unicode_ci;

--
-- Dumping data for table `migrations`
--

INSERT INTO `migrations` (`id`, `migration`, `batch`) VALUES
(1, '2014_10_12_000000_create_users_table', 1),
(2, '2014_10_12_100000_create_password_resets_table', 1),
(3, '2018_11_14_103303_create_products_table', 1),
(4, '2018_11_14_103351_create_reviews_table', 1),
(5, '2016_06_01_000001_create_oauth_auth_codes_table', 2),
(6, '2016_06_01_000002_create_oauth_access_tokens_table', 2),
(7, '2016_06_01_000003_create_oauth_refresh_tokens_table', 2),
(8, '2016_06_01_000004_create_oauth_clients_table', 2),
(9, '2016_06_01_000005_create_oauth_personal_access_clients_table', 2);

-- --------------------------------------------------------

--
-- Table structure for table `oauth_access_tokens`
--

DROP TABLE IF EXISTS `oauth_access_tokens`;
CREATE TABLE IF NOT EXISTS `oauth_access_tokens` (
  `id` varchar(100) COLLATE utf8_unicode_ci NOT NULL,
  `user_id` int(11) DEFAULT NULL,
  `client_id` int(11) NOT NULL,
  `name` varchar(255) COLLATE utf8_unicode_ci DEFAULT NULL,
  `scopes` text COLLATE utf8_unicode_ci,
  `revoked` tinyint(1) NOT NULL,
  `created_at` timestamp NULL DEFAULT NULL,
  `updated_at` timestamp NULL DEFAULT NULL,
  `expires_at` datetime DEFAULT NULL,
  PRIMARY KEY (`id`),
  KEY `oauth_access_tokens_user_id_index` (`user_id`)
) ENGINE=MyISAM DEFAULT CHARSET=utf8 COLLATE=utf8_unicode_ci;

--
-- Dumping data for table `oauth_access_tokens`
--

INSERT INTO `oauth_access_tokens` (`id`, `user_id`, `client_id`, `name`, `scopes`, `revoked`, `created_at`, `updated_at`, `expires_at`) VALUES
('b6ccdf3ef05dbf6ef441b80729b02d31b8fa5ab59587147d24e5bb4e538d562a253c68ec8eb2f025', 1, 2, NULL, '[]', 0, '2018-11-15 02:09:39', '2018-11-15 02:09:39', '2019-11-15 07:39:39');

-- --------------------------------------------------------

--
-- Table structure for table `oauth_auth_codes`
--

DROP TABLE IF EXISTS `oauth_auth_codes`;
CREATE TABLE IF NOT EXISTS `oauth_auth_codes` (
  `id` varchar(100) COLLATE utf8_unicode_ci NOT NULL,
  `user_id` int(11) NOT NULL,
  `client_id` int(11) NOT NULL,
  `scopes` text COLLATE utf8_unicode_ci,
  `revoked` tinyint(1) NOT NULL,
  `expires_at` datetime DEFAULT NULL,
  PRIMARY KEY (`id`)
) ENGINE=MyISAM DEFAULT CHARSET=utf8 COLLATE=utf8_unicode_ci;

-- --------------------------------------------------------

--
-- Table structure for table `oauth_clients`
--

DROP TABLE IF EXISTS `oauth_clients`;
CREATE TABLE IF NOT EXISTS `oauth_clients` (
  `id` int(10) UNSIGNED NOT NULL AUTO_INCREMENT,
  `user_id` int(11) DEFAULT NULL,
  `name` varchar(255) COLLATE utf8_unicode_ci NOT NULL,
  `secret` varchar(100) COLLATE utf8_unicode_ci NOT NULL,
  `redirect` text COLLATE utf8_unicode_ci NOT NULL,
  `personal_access_client` tinyint(1) NOT NULL,
  `password_client` tinyint(1) NOT NULL,
  `revoked` tinyint(1) NOT NULL,
  `created_at` timestamp NULL DEFAULT NULL,
  `updated_at` timestamp NULL DEFAULT NULL,
  PRIMARY KEY (`id`),
  KEY `oauth_clients_user_id_index` (`user_id`)
) ENGINE=MyISAM AUTO_INCREMENT=3 DEFAULT CHARSET=utf8 COLLATE=utf8_unicode_ci;

--
-- Dumping data for table `oauth_clients`
--

INSERT INTO `oauth_clients` (`id`, `user_id`, `name`, `secret`, `redirect`, `personal_access_client`, `password_client`, `revoked`, `created_at`, `updated_at`) VALUES
(1, NULL, 'Laravel Personal Access Client', 'l2szUgIZAAkCtTN6oGw9uIwP6erx0K5ep3i3Q5Zs', 'http://localhost', 1, 0, 0, '2018-11-15 01:42:00', '2018-11-15 01:42:00'),
(2, NULL, 'Laravel Password Grant Client', '4NVrIRDl4M3R9XDA30T9mf1cCMMrAWA9oQtmskgu', 'http://localhost', 0, 1, 0, '2018-11-15 01:42:00', '2018-11-15 01:42:00');

-- --------------------------------------------------------

--
-- Table structure for table `oauth_personal_access_clients`
--

DROP TABLE IF EXISTS `oauth_personal_access_clients`;
CREATE TABLE IF NOT EXISTS `oauth_personal_access_clients` (
  `id` int(10) UNSIGNED NOT NULL AUTO_INCREMENT,
  `client_id` int(11) NOT NULL,
  `created_at` timestamp NULL DEFAULT NULL,
  `updated_at` timestamp NULL DEFAULT NULL,
  PRIMARY KEY (`id`),
  KEY `oauth_personal_access_clients_client_id_index` (`client_id`)
) ENGINE=MyISAM AUTO_INCREMENT=2 DEFAULT CHARSET=utf8 COLLATE=utf8_unicode_ci;

--
-- Dumping data for table `oauth_personal_access_clients`
--

INSERT INTO `oauth_personal_access_clients` (`id`, `client_id`, `created_at`, `updated_at`) VALUES
(1, 1, '2018-11-15 01:42:00', '2018-11-15 01:42:00');

-- --------------------------------------------------------

--
-- Table structure for table `oauth_refresh_tokens`
--

DROP TABLE IF EXISTS `oauth_refresh_tokens`;
CREATE TABLE IF NOT EXISTS `oauth_refresh_tokens` (
  `id` varchar(100) COLLATE utf8_unicode_ci NOT NULL,
  `access_token_id` varchar(100) COLLATE utf8_unicode_ci NOT NULL,
  `revoked` tinyint(1) NOT NULL,
  `expires_at` datetime DEFAULT NULL,
  PRIMARY KEY (`id`),
  KEY `oauth_refresh_tokens_access_token_id_index` (`access_token_id`)
) ENGINE=MyISAM DEFAULT CHARSET=utf8 COLLATE=utf8_unicode_ci;

--
-- Dumping data for table `oauth_refresh_tokens`
--

INSERT INTO `oauth_refresh_tokens` (`id`, `access_token_id`, `revoked`, `expires_at`) VALUES
('ceda44bdd1d2fde5191332f43359333495732fb2daadbfef049ed691c92bfb88dcfe6824c807cc33', 'b6ccdf3ef05dbf6ef441b80729b02d31b8fa5ab59587147d24e5bb4e538d562a253c68ec8eb2f025', 0, '2019-11-15 07:39:39');

-- --------------------------------------------------------

--
-- Table structure for table `password_resets`
--

DROP TABLE IF EXISTS `password_resets`;
CREATE TABLE IF NOT EXISTS `password_resets` (
  `email` varchar(255) COLLATE utf8_unicode_ci NOT NULL,
  `token` varchar(255) COLLATE utf8_unicode_ci NOT NULL,
  `created_at` timestamp NULL DEFAULT NULL,
  KEY `password_resets_email_index` (`email`)
) ENGINE=MyISAM DEFAULT CHARSET=utf8 COLLATE=utf8_unicode_ci;

-- --------------------------------------------------------

--
-- Table structure for table `products`
--

DROP TABLE IF EXISTS `products`;
CREATE TABLE IF NOT EXISTS `products` (
  `id` int(10) UNSIGNED NOT NULL AUTO_INCREMENT,
  `name` varchar(255) COLLATE utf8_unicode_ci NOT NULL,
  `detail` text COLLATE utf8_unicode_ci NOT NULL,
  `price` int(11) NOT NULL,
  `stock` int(11) NOT NULL,
  `discount` int(11) NOT NULL,
  `created_at` timestamp NULL DEFAULT NULL,
  `updated_at` timestamp NULL DEFAULT NULL,
  PRIMARY KEY (`id`)
) ENGINE=MyISAM AUTO_INCREMENT=101 DEFAULT CHARSET=utf8 COLLATE=utf8_unicode_ci;

--
-- Dumping data for table `products`
--

INSERT INTO `products` (`id`, `name`, `detail`, `price`, `stock`, `discount`, `created_at`, `updated_at`) VALUES
(1, 'voluptatibus', 'Ipsa dolore id rem doloremque alias. Doloribus expedita aut distinctio quos tenetur ducimus ipsam debitis. A hic quia velit excepturi molestiae quaerat. Quo asperiores possimus sint ea qui.', 619, 1, 21, '2018-11-14 06:33:30', '2018-11-14 06:33:30'),
(2, 'vel', 'Nulla sapiente sint enim possimus error aliquam. Et harum assumenda doloremque saepe pariatur. Eum et quia doloribus a ea doloribus vel consequuntur.', 936, 7, 21, '2018-11-14 06:33:30', '2018-11-14 06:33:30'),
(3, 'consequuntur', 'Fuga voluptate ab sint itaque. Eaque est amet ea at eos sit qui. Culpa possimus voluptatum officiis nisi.', 278, 7, 26, '2018-11-14 06:33:30', '2018-11-14 06:33:30'),
(4, 'laudantium', 'Architecto id ex est ut modi. Aut deserunt quisquam aut dolor. Itaque culpa non autem a nemo dolores.', 677, 6, 22, '2018-11-14 06:33:30', '2018-11-14 06:33:30'),
(5, 'reprehenderit', 'Iure dolores quam earum nemo perferendis. Voluptatem vero cupiditate aut eum fuga voluptas. Vel aut velit autem esse enim laudantium voluptas. Non adipisci est et perferendis repudiandae qui. Maxime doloremque asperiores doloribus ut alias.', 444, 5, 26, '2018-11-14 06:33:30', '2018-11-14 06:33:30'),
(6, 'voluptas', 'Praesentium quis in nesciunt esse eum non alias atque. Sed voluptate est ut sit.', 521, 1, 11, '2018-11-14 06:33:30', '2018-11-14 06:33:30'),
(7, 'ut', 'Voluptas incidunt eos iure molestiae accusamus. Maiores sequi sequi aut optio. Aut ut dolorem nisi adipisci repellendus consequatur qui distinctio. Dolorem molestiae architecto dolor qui aut nihil qui. Ut similique et id.', 377, 7, 8, '2018-11-14 06:33:30', '2018-11-14 06:33:30'),
(8, 'fuga', 'Enim eum in vitae qui omnis sequi pariatur. Ducimus impedit optio in non voluptatem nulla quae. Assumenda laboriosam quae est soluta autem facere sit.', 216, 3, 10, '2018-11-14 06:33:30', '2018-11-14 06:33:30'),
(9, 'iure', 'Eaque quas commodi tempore beatae iste non. Quis id animi quasi quia architecto mollitia.', 317, 1, 27, '2018-11-14 06:33:30', '2018-11-14 06:33:30'),
(10, 'reprehenderit', 'Dolores unde saepe ex aut sunt voluptatem quia. Quam ipsam quasi eligendi at molestiae. Vero dolore maxime cum natus id animi qui. Recusandae qui neque deserunt excepturi in ducimus voluptas sit.', 491, 6, 5, '2018-11-14 06:33:30', '2018-11-14 06:33:30'),
(11, 'ducimus', 'Et ex qui totam ad. Numquam quo eum ratione eos accusamus et repudiandae. Omnis mollitia saepe dolores enim iste numquam quia. Expedita eaque dolorem ut odio. Sapiente quo incidunt dolor rem repudiandae perspiciatis sunt.', 342, 7, 20, '2018-11-14 06:33:30', '2018-11-14 06:33:30'),
(12, 'sit', 'Optio voluptatem perspiciatis voluptatem. Consequatur cumque quia suscipit ut sed et. Accusamus deleniti eos non facilis facere aspernatur a. Eius consequatur recusandae occaecati quo qui autem suscipit.', 846, 6, 7, '2018-11-14 06:33:30', '2018-11-14 06:33:30'),
(13, 'ea', 'Animi tenetur voluptatem illo id eos asperiores. Et veritatis repudiandae vel asperiores qui. Pariatur nam aspernatur consequuntur laboriosam error ipsa. Provident quas labore amet ratione voluptas.', 203, 2, 22, '2018-11-14 06:33:30', '2018-11-14 06:33:30'),
(14, 'velit', 'Earum consequuntur eaque fugiat fuga quaerat. Ut quidem libero asperiores magni modi itaque enim. Tempora ut adipisci praesentium ab.', 916, 8, 25, '2018-11-14 06:33:30', '2018-11-14 06:33:30'),
(15, 'dolores', 'Tempora blanditiis dolorem et quaerat id consectetur. Fuga quidem distinctio voluptatum. Totam numquam et debitis illum et eum totam quia.', 251, 4, 21, '2018-11-14 06:33:30', '2018-11-14 06:33:30'),
(16, 'magni', 'Quaerat dignissimos blanditiis facere nihil odio quae id. Rerum voluptatum autem omnis repudiandae. Repellendus incidunt doloribus voluptas accusantium.', 656, 3, 25, '2018-11-14 06:33:30', '2018-11-14 06:33:30'),
(17, 'tempora', 'Sequi nobis necessitatibus aliquam laudantium veniam. Ut est tempora non omnis maxime similique. Sint error ad excepturi qui ullam. Ut inventore quam et sit.', 499, 9, 25, '2018-11-14 06:33:30', '2018-11-14 06:33:30'),
(18, 'dolorem', 'Accusamus adipisci odio magni laudantium. Quo fuga ex voluptate ipsam dolor. Ut facilis assumenda beatae omnis rerum.', 643, 8, 21, '2018-11-14 06:33:30', '2018-11-14 06:33:30'),
(19, 'dolores', 'Dignissimos omnis omnis sequi deserunt tenetur sequi. Nemo ex voluptatem ut laboriosam. Et quis a perspiciatis. Rerum et temporibus nobis.', 841, 1, 10, '2018-11-14 06:33:30', '2018-11-14 06:33:30'),
(20, 'et', 'Dolor et voluptatem voluptatem voluptates ducimus. Ut qui sequi consequuntur est.', 952, 2, 21, '2018-11-14 06:33:30', '2018-11-14 06:33:30'),
(21, 'consequuntur', 'Est aliquam aut distinctio nisi provident magni hic. Cum fuga in delectus necessitatibus.', 927, 7, 25, '2018-11-14 06:33:30', '2018-11-14 06:33:30'),
(22, 'nam', 'Qui ipsam accusamus et aut non saepe. Inventore nostrum quia nihil. Itaque iusto hic vel accusantium aspernatur eos.', 718, 8, 10, '2018-11-14 06:33:30', '2018-11-14 06:33:30'),
(23, 'omnis', 'Aut omnis non sunt at animi aliquam. Veniam tempora omnis sed numquam beatae corporis dolores impedit. Voluptatem expedita maxime voluptatem numquam fugiat porro. Vero sint et quasi aut iure perspiciatis tempora autem.', 159, 2, 15, '2018-11-14 06:33:30', '2018-11-14 06:33:30'),
(24, 'voluptate', 'Ad explicabo repellat laborum soluta. Quia nostrum adipisci sed tempore. Laudantium est architecto omnis dolor voluptatum saepe. Et et et porro sed eum labore dolores asperiores.', 382, 2, 26, '2018-11-14 06:33:30', '2018-11-14 06:33:30'),
(25, 'necessitatibus', 'Aspernatur aut ipsum natus. Unde odit et molestiae itaque et fugit. Aperiam natus reiciendis sed dolorum eius nam exercitationem.', 121, 3, 2, '2018-11-14 06:33:30', '2018-11-14 06:33:30'),
(26, 'maiores', 'Enim neque consequatur in quis rerum corrupti et. Dolor suscipit neque omnis. Fugiat quam minima sit eius eaque qui placeat.', 817, 0, 20, '2018-11-14 06:33:30', '2018-11-14 06:33:30'),
(27, 'consequatur', 'Ut quia nihil et molestiae dolorum sapiente. A error iusto blanditiis nesciunt sint quasi eos. Maiores quaerat quia impedit voluptatum perferendis ducimus. Omnis rem distinctio aut suscipit quia blanditiis. Voluptatem ea esse placeat molestiae voluptas praesentium architecto.', 653, 5, 12, '2018-11-14 06:33:30', '2018-11-14 06:33:30'),
(28, 'quas', 'Ut inventore ullam voluptas excepturi nostrum porro distinctio. Quo et dolores atque provident.', 213, 9, 16, '2018-11-14 06:33:30', '2018-11-14 06:33:30'),
(29, 'maxime', 'Accusamus autem explicabo sint deleniti autem illo quia vero. Assumenda laborum natus sint rerum deserunt ut autem. Vitae sint consequatur quia ut error.', 954, 7, 3, '2018-11-14 06:33:30', '2018-11-14 06:33:30'),
(30, 'sit', 'Illo voluptatem est natus ex dolorem distinctio. Laborum illo porro dolorum aliquam aut officiis error. Illo dolor neque nobis et.', 759, 3, 14, '2018-11-14 06:33:30', '2018-11-14 06:33:30'),
(31, 'quia', 'Repellat corporis aut ab incidunt voluptates sequi. Quas aut et consequatur id. Placeat aut dolores ut. Voluptas enim voluptas sequi omnis qui.', 747, 1, 14, '2018-11-14 06:33:30', '2018-11-14 06:33:30'),
(32, 'ullam', 'Labore qui dolore sint dolorem. Architecto voluptatem voluptatem fugit corrupti facere sit. Inventore quibusdam accusamus suscipit rerum omnis sint. Distinctio inventore quae culpa adipisci minima nisi. Placeat qui reprehenderit quia provident.', 841, 4, 14, '2018-11-14 06:33:30', '2018-11-14 06:33:30'),
(33, 'magnam', 'Neque doloremque harum ipsa. Saepe quaerat sunt quis sit eos aut. Reiciendis omnis occaecati et eos ut sequi. Nostrum sapiente ratione aliquid. Architecto non ducimus labore modi.', 691, 8, 3, '2018-11-14 06:33:30', '2018-11-14 06:33:30'),
(34, 'saepe', 'Repellendus commodi et fugit molestiae voluptas harum rerum perferendis. Corporis unde dolor necessitatibus eum at. Error aliquam et accusantium voluptatem aut numquam nam.', 782, 1, 3, '2018-11-14 06:33:30', '2018-11-14 06:33:30'),
(35, 'eum', 'Ut non officiis quas id autem blanditiis. Quam omnis omnis harum odit sed beatae sed. Quae ab sit a quae. Aliquam voluptas aspernatur sunt sapiente rem. Rem et et reiciendis neque nostrum assumenda.', 573, 9, 10, '2018-11-14 06:33:30', '2018-11-14 06:33:30'),
(36, 'quisquam', 'Amet autem odit expedita illo deleniti. Ea sed vel eveniet pariatur accusantium ut culpa. Quia beatae est repellat et.', 492, 3, 2, '2018-11-14 06:33:30', '2018-11-14 06:33:30'),
(37, 'repellat', 'Ipsum pariatur nam eaque nam totam libero adipisci. Dolores ipsam doloremque officiis accusantium sit in. Iste iste vitae nulla sed. Eveniet culpa illum est aut qui libero quis.', 931, 7, 4, '2018-11-14 06:33:30', '2018-11-14 06:33:30'),
(38, 'enim', 'Rerum voluptate non commodi asperiores similique. Incidunt modi praesentium necessitatibus ullam perferendis quia fuga quos. Cupiditate occaecati nisi eum laboriosam.', 173, 0, 10, '2018-11-14 06:33:30', '2018-11-14 06:33:30'),
(39, 'libero', 'Aut sit accusantium et voluptatem facilis consequuntur consequatur. Excepturi odio odio cumque. Minus voluptatem repellendus facere eligendi. Qui eius maxime ut magni magnam qui sed.', 354, 1, 8, '2018-11-14 06:33:30', '2018-11-14 06:33:30'),
(40, 'asperiores', 'Cupiditate quos omnis repudiandae et necessitatibus aut cumque quae. Quod necessitatibus autem cum omnis quis autem nemo. Ut quia consequatur ut sapiente odit aperiam ut. Quam inventore tenetur occaecati omnis voluptas quos incidunt et.', 689, 7, 7, '2018-11-14 06:33:30', '2018-11-14 06:33:30'),
(41, 'ad', 'Placeat qui qui asperiores qui. Praesentium eos impedit iste rerum tempore. Debitis suscipit suscipit aperiam fugiat laudantium itaque rem. Debitis voluptates eaque incidunt hic repellat et.', 389, 6, 23, '2018-11-14 06:33:30', '2018-11-14 06:33:30'),
(42, 'id', 'Nam qui cumque et sint. Nihil eos est dolores omnis dolor est porro provident. Et facere sit a ut beatae et omnis. Sed voluptatem velit tempore ducimus. Possimus sunt et sed repellat ea architecto.', 485, 5, 15, '2018-11-14 06:33:30', '2018-11-14 06:33:30'),
(43, 'aut', 'Adipisci eligendi aut unde qui nobis odio eum. Nisi sunt possimus atque. Tempore quia est et quasi et dignissimos non. Fuga et voluptas at et.', 690, 1, 13, '2018-11-14 06:33:30', '2018-11-14 06:33:30'),
(44, 'est', 'Dicta optio occaecati voluptatem consequatur. Qui laboriosam aut praesentium iste odio. Vitae ut est id officia sit est. Labore a praesentium enim voluptatem corrupti consequuntur placeat voluptates. Sint et ea et esse sed perspiciatis vel.', 765, 0, 24, '2018-11-14 06:33:30', '2018-11-14 06:33:30'),
(45, 'repellat', 'In consectetur autem est sed rem. Voluptas nostrum dignissimos ea harum est. Dolore nemo debitis dolorem alias odio necessitatibus.', 665, 3, 28, '2018-11-14 06:33:30', '2018-11-14 06:33:30'),
(46, 'odio', 'Aliquid voluptas expedita animi recusandae. Consequatur nisi sed inventore eum sit sunt expedita voluptates. Ipsa fugit aut quia recusandae provident rem. Dolorem nam aut facere sit.', 977, 3, 15, '2018-11-14 06:33:30', '2018-11-14 06:33:30'),
(47, 'dolore', 'Soluta totam blanditiis magni est esse. Omnis nemo et modi saepe. Repudiandae magni est aperiam eius.', 164, 8, 18, '2018-11-14 06:33:30', '2018-11-14 06:33:30'),
(48, 'necessitatibus', 'Ab non dolores iusto omnis modi consectetur maxime. Sit quas et corporis itaque repellat et quia. Minima eum soluta perspiciatis libero error porro totam aut. Minima recusandae dignissimos consequuntur saepe suscipit culpa esse.', 487, 5, 13, '2018-11-14 06:33:30', '2018-11-14 06:33:30'),
(49, 'recusandae', 'Enim unde qui eum voluptas. Quisquam quos dolor repellendus. Optio labore autem sit ipsam quisquam.', 977, 0, 6, '2018-11-14 06:33:30', '2018-11-14 06:33:30'),
(50, 'enim', 'Alias laborum facere minima quia ut veritatis. Alias incidunt ut iusto occaecati voluptatem. Laudantium tempore distinctio explicabo dolor sed perferendis.', 882, 3, 11, '2018-11-14 06:33:30', '2018-11-14 06:33:30'),
(51, 'consequuntur', 'Explicabo vitae adipisci dolorem ut consequatur quo ut consequatur. Quia quibusdam quos error. Porro et reprehenderit reiciendis consectetur cum qui fuga.', 637, 8, 29, '2018-11-14 06:34:02', '2018-11-14 06:34:02'),
(52, 'nulla', 'Et fugiat quis distinctio porro facilis. Ut ab ipsum non tempore. Rerum culpa autem cum praesentium omnis totam maxime.', 744, 2, 2, '2018-11-14 06:34:02', '2018-11-14 06:34:02'),
(53, 'sint', 'Eos repudiandae ut pariatur sapiente. Aspernatur reiciendis consequatur minima accusamus debitis. Ad sed repellat molestiae et recusandae.', 509, 2, 12, '2018-11-14 06:34:02', '2018-11-14 06:34:02'),
(54, 'dolorem', 'Ipsa aliquid vel debitis non accusamus. Culpa architecto nihil quos aliquam officia necessitatibus nemo. Tempore explicabo et deserunt illum. Architecto quasi natus aliquam et qui et ut reprehenderit.', 396, 2, 8, '2018-11-14 06:34:02', '2018-11-14 06:34:02'),
(55, 'aperiam', 'Minus sit ratione alias ut expedita alias et molestias. Quos quia suscipit mollitia quod suscipit et. At tempora omnis nemo error quia et dolorum.', 478, 6, 28, '2018-11-14 06:34:02', '2018-11-14 06:34:02'),
(56, 'aut', 'Rerum aperiam quia voluptas aut reiciendis est. Est libero totam vero voluptatem. Deleniti natus nobis omnis eos. Voluptate repellat iste quia fugit ratione necessitatibus. Accusantium et sequi accusantium sit voluptatem ut.', 895, 5, 25, '2018-11-14 06:34:02', '2018-11-14 06:34:02'),
(57, 'nulla', 'Ab consequatur quo et possimus quia deserunt quod eaque. Est aut consequatur saepe. Error necessitatibus necessitatibus neque doloribus. At aut id dolorum.', 681, 9, 3, '2018-11-14 06:34:02', '2018-11-14 06:34:02'),
(58, 'nulla', 'Modi fugit sit ex qui iure deserunt est amet. Magni tempore delectus sequi aspernatur consequatur iste sed. Cumque expedita dolorem rerum qui repellendus dolor quaerat libero.', 964, 1, 24, '2018-11-14 06:34:02', '2018-11-14 06:34:02'),
(59, 'aut', 'Nobis adipisci nam omnis voluptatem. Optio nihil minima qui consectetur perferendis voluptatum. Praesentium ullam iusto nesciunt sit omnis distinctio.', 368, 5, 7, '2018-11-14 06:34:02', '2018-11-14 06:34:02'),
(60, 'dolores', 'At ea qui labore corporis perferendis amet at. Est in qui ea expedita tenetur et. Molestiae possimus asperiores unde commodi ut ipsa tempore aut. Cupiditate et quos ut sed est. Officia sed et eum voluptate tempora aut nam.', 195, 2, 16, '2018-11-14 06:34:02', '2018-11-14 06:34:02'),
(61, 'explicabo', 'Praesentium et asperiores quasi facere est soluta praesentium. Recusandae ad sint velit et architecto et. Ad velit nulla blanditiis aliquid.', 686, 7, 29, '2018-11-14 06:34:02', '2018-11-14 06:34:02'),
(62, 'cupiditate', 'Necessitatibus adipisci et quas vel quisquam. Consequatur sapiente sequi illum consequatur et aut.', 254, 0, 18, '2018-11-14 06:34:02', '2018-11-14 06:34:02'),
(63, 'voluptas', 'Quibusdam dolorum qui et cumque. Et debitis quisquam sunt iure maxime. Harum doloremque doloremque nihil eius architecto perspiciatis.', 842, 6, 6, '2018-11-14 06:34:02', '2018-11-14 06:34:02'),
(64, 'sit', 'Quia dicta qui ut id ea. Est unde voluptatem quam repudiandae facere et. Et ullam qui aut velit dolor recusandae et. Doloremque nam natus praesentium nulla vel.', 601, 0, 29, '2018-11-14 06:34:02', '2018-11-14 06:34:02'),
(65, 'perspiciatis', 'Soluta exercitationem tempora sint. Iste et explicabo veniam commodi sint et. Placeat nobis ea voluptas aut eos et. Omnis sed repellendus ea voluptates itaque exercitationem doloribus.', 740, 8, 3, '2018-11-14 06:34:02', '2018-11-14 06:34:02'),
(66, 'vitae', 'Iure accusantium consectetur neque mollitia aut alias alias perspiciatis. Eveniet dicta est commodi assumenda aut aperiam. Et omnis placeat et asperiores laboriosam voluptas blanditiis. Rerum placeat ipsa vero illum unde inventore et.', 167, 1, 26, '2018-11-14 06:34:02', '2018-11-14 06:34:02'),
(67, 'quo', 'Natus culpa explicabo adipisci at sunt adipisci illum. Aut mollitia perferendis dolorem voluptatum. Omnis eos recusandae eos dolorum nesciunt. Rerum quos et eos autem.', 641, 5, 2, '2018-11-14 06:34:02', '2018-11-14 06:34:02'),
(68, 'sit', 'Quae in nisi nisi. Rerum voluptatem assumenda omnis. Harum cum dolore veritatis est omnis quod. Eos qui blanditiis dolorum provident unde sit voluptatem rerum. Molestiae nisi velit facere tempora dicta qui perspiciatis.', 515, 4, 4, '2018-11-14 06:34:02', '2018-11-14 06:34:02'),
(69, 'velit', 'Et occaecati molestias ut voluptas ut. Non consequatur enim pariatur ea at iusto. Sequi eos incidunt vero modi aut assumenda sapiente et.', 597, 6, 16, '2018-11-14 06:34:02', '2018-11-14 06:34:02'),
(70, 'sint', 'Dolorem dolorem magni assumenda fugit delectus velit pariatur. Dolorem totam rerum aut molestiae omnis totam voluptas quod. Ab rerum et quis quasi. Odit ea quisquam consequatur expedita numquam soluta.', 448, 2, 8, '2018-11-14 06:34:02', '2018-11-14 06:34:02'),
(71, 'consectetur', 'Vitae voluptates quas est. Culpa natus illo laborum dolor quam amet harum. Et earum quasi autem eligendi. Voluptas voluptatem blanditiis consequatur mollitia impedit repellendus.', 464, 6, 2, '2018-11-14 06:34:02', '2018-11-14 06:34:02'),
(72, 'repellat', 'Et sint atque asperiores exercitationem est. Consequuntur nesciunt esse enim. A ea praesentium debitis sunt officia esse ipsum. Voluptas eum voluptatem vero et non ipsam.', 435, 9, 8, '2018-11-14 06:34:02', '2018-11-14 06:34:02'),
(73, 'quos', 'Omnis sit exercitationem consequatur blanditiis ut. Quam corporis est omnis tempore. Omnis occaecati quasi eaque adipisci amet quam et.', 735, 8, 10, '2018-11-14 06:34:02', '2018-11-14 06:34:02'),
(74, 'et', 'Delectus et molestiae aliquam sit rerum. Occaecati unde velit sint magnam quia ut. Aspernatur accusamus laudantium qui expedita laborum.', 553, 7, 18, '2018-11-14 06:34:02', '2018-11-14 06:34:02'),
(75, 'ut', 'Necessitatibus expedita dolorem aut ea aut. Provident nam sunt impedit corrupti sequi dolores dolore ipsam. Illum error hic illo et.', 605, 0, 27, '2018-11-14 06:34:02', '2018-11-14 06:34:02'),
(76, 'voluptatem', 'Fugit qui in repudiandae magnam quibusdam. Natus vel fugit voluptatem dolore. Reiciendis harum sint quo. Magnam dolorem aut facere minima.', 311, 4, 21, '2018-11-14 06:34:02', '2018-11-14 06:34:02'),
(77, 'blanditiis', 'Rerum a ea eum sed in. Totam rerum omnis dolorum et. Sit perferendis omnis ea voluptas eos beatae. Eligendi sint et ipsa perspiciatis.', 575, 4, 11, '2018-11-14 06:34:02', '2018-11-14 06:34:02'),
(78, 'quibusdam', 'Placeat est adipisci et et excepturi modi. Quam nulla molestias sit et laborum aliquid qui. Repudiandae quam architecto necessitatibus dolorem sunt.', 964, 8, 7, '2018-11-14 06:34:02', '2018-11-14 06:34:02'),
(79, 'consequatur', 'Voluptatum tenetur repudiandae tempora et. Consequatur aspernatur earum numquam incidunt. Nulla inventore neque est velit nostrum consectetur. Nobis illo et commodi deleniti voluptatibus assumenda.', 170, 6, 10, '2018-11-14 06:34:02', '2018-11-14 06:34:02'),
(80, 'optio', 'Explicabo enim fugit delectus ea dolores maiores voluptatum nesciunt. Reiciendis in et consequatur. Excepturi placeat ut vel eos aut laudantium molestias id.', 278, 0, 12, '2018-11-14 06:34:02', '2018-11-14 06:34:02'),
(81, 'ex', 'Illum non nam harum sunt qui nam. Et ullam in temporibus beatae et asperiores atque. Tenetur non dolorum dolorum aut dolores minus at. Ex excepturi non dolor.', 786, 3, 3, '2018-11-14 06:34:02', '2018-11-14 06:34:02'),
(82, 'ducimus', 'Distinctio minima nihil a ut quia voluptatem. Quibusdam quidem tempore possimus qui quidem ipsam. Maiores numquam a similique expedita ex.', 315, 6, 26, '2018-11-14 06:34:02', '2018-11-14 06:34:02'),
(83, 'tempore', 'Et aspernatur sunt quis. Repudiandae aut id voluptatem dolores vitae voluptatem quas. Facere eligendi voluptates voluptatem alias amet voluptatem.', 452, 8, 14, '2018-11-14 06:34:02', '2018-11-14 06:34:02'),
(84, 'qui', 'Minus et voluptas eveniet cum. Libero placeat quia voluptates deleniti nihil velit corporis. Saepe rerum iusto dolor deserunt vel sint dolor.', 511, 8, 21, '2018-11-14 06:34:02', '2018-11-14 06:34:02'),
(85, 'rerum', 'Facilis deserunt et et rerum. Laboriosam et nisi consectetur ducimus maxime. Quo eos qui omnis veritatis.', 318, 2, 30, '2018-11-14 06:34:02', '2018-11-14 06:34:02'),
(86, 'quibusdam', 'Possimus autem aut tempora quia voluptas. Illum blanditiis ratione impedit ut fugit explicabo ratione. Tempora aspernatur ratione soluta officia reprehenderit sed minus sed. Ut rerum aut blanditiis laudantium dolore.', 591, 6, 11, '2018-11-14 06:34:02', '2018-11-14 06:34:02'),
(87, 'omnis', 'Fugit reiciendis quia qui autem explicabo voluptatem vel. Ut ut non corrupti quo at. Voluptas ipsum quo laudantium rerum et.', 669, 0, 20, '2018-11-14 06:34:02', '2018-11-14 06:34:02'),
(88, 'est', 'Quidem alias natus autem rerum quo. Aperiam vero ut placeat soluta reprehenderit qui non. Reprehenderit itaque aut voluptatem.', 862, 0, 19, '2018-11-14 06:34:02', '2018-11-14 06:34:02'),
(89, 'sit', 'Natus occaecati accusamus qui delectus nesciunt tempore doloribus odit. Eos consequatur eius inventore alias accusantium veniam. Est corrupti nesciunt ullam repellat tempore eos commodi nostrum. Dolores est esse praesentium.', 265, 1, 23, '2018-11-14 06:34:02', '2018-11-14 06:34:02'),
(90, 'placeat', 'Nihil nihil magni magnam ut unde asperiores. Cumque amet impedit magni itaque dolorem dolore possimus numquam. Voluptatem omnis repellat iure assumenda voluptatibus debitis.', 585, 2, 10, '2018-11-14 06:34:02', '2018-11-14 06:34:02'),
(91, 'corporis', 'Ullam qui blanditiis non quaerat. Quaerat eos eius corrupti.', 284, 1, 27, '2018-11-14 06:34:02', '2018-11-14 06:34:02'),
(92, 'omnis', 'Est quo eos ut corporis. Dolores ad blanditiis id et iste harum consequatur.', 934, 4, 20, '2018-11-14 06:34:02', '2018-11-14 06:34:02'),
(93, 'eveniet', 'Saepe qui beatae blanditiis hic. Voluptatem id eum in. Voluptatem consequuntur ut mollitia recusandae harum consequuntur. Repellat illo incidunt quia labore quasi odit aperiam.', 427, 1, 4, '2018-11-14 06:34:02', '2018-11-14 06:34:02'),
(94, 'nemo', 'Ipsa pariatur fugiat consequatur eius deserunt. Iste veniam quos est ut quaerat dolor ut amet. Veniam facere provident in.', 124, 3, 27, '2018-11-14 06:34:02', '2018-11-14 06:34:02'),
(95, 'nam', 'Magnam excepturi dolore ipsa saepe qui. Quod aut labore excepturi ex. Dolores maxime incidunt quisquam iusto quod rerum quas.', 113, 0, 21, '2018-11-14 06:34:02', '2018-11-14 06:34:02'),
(96, 'voluptas', 'Voluptatem corrupti et rerum qui similique. Placeat vel non vero quam. Culpa aperiam animi voluptate iste veniam perspiciatis blanditiis culpa. Et dolores sint voluptatibus necessitatibus nemo.', 101, 7, 30, '2018-11-14 06:34:02', '2018-11-14 06:34:02'),
(97, 'dolores', 'Omnis qui quas dicta iure et rerum. Enim impedit aut maiores qui et. Repudiandae qui dolorum illo tenetur qui.', 178, 1, 2, '2018-11-14 06:34:02', '2018-11-14 06:34:02'),
(98, 'sit', 'Odio autem consequuntur ut placeat tenetur sed culpa vitae. Eius ex consequatur vitae a quod. Minima non voluptates facilis eos.', 326, 9, 4, '2018-11-14 06:34:02', '2018-11-14 06:34:02'),
(99, 'consequatur', 'Possimus minima aut et voluptatem libero et. Ad similique et cum eligendi. Beatae nihil et reiciendis quaerat.', 323, 8, 15, '2018-11-14 06:34:02', '2018-11-14 06:34:02'),
(100, 'rerum', 'Commodi qui sunt dolorem quaerat quo. Tempora eos illo enim quo aperiam. Debitis officia culpa exercitationem. Odit facere iste et pariatur aut.', 541, 2, 8, '2018-11-14 06:34:02', '2018-11-14 06:34:02');

-- --------------------------------------------------------

--
-- Table structure for table `reviews`
--

DROP TABLE IF EXISTS `reviews`;
CREATE TABLE IF NOT EXISTS `reviews` (
  `id` int(10) UNSIGNED NOT NULL AUTO_INCREMENT,
  `product_id` int(10) UNSIGNED NOT NULL,
  `customer` varchar(255) COLLATE utf8_unicode_ci NOT NULL,
  `review` text COLLATE utf8_unicode_ci NOT NULL,
  `star` int(11) NOT NULL,
  `created_at` timestamp NULL DEFAULT NULL,
  `updated_at` timestamp NULL DEFAULT NULL,
  PRIMARY KEY (`id`),
  KEY `reviews_product_id_index` (`product_id`)
) ENGINE=MyISAM AUTO_INCREMENT=301 DEFAULT CHARSET=utf8 COLLATE=utf8_unicode_ci;

--
-- Dumping data for table `reviews`
--

INSERT INTO `reviews` (`id`, `product_id`, `customer`, `review`, `star`, `created_at`, `updated_at`) VALUES
(1, 3, 'Miss Lilliana Sawayn Jr.', 'Natus fuga consequatur et quia impedit et dignissimos. Impedit ab aut ipsa earum autem. At aut nihil aut debitis aut blanditiis. Eligendi officiis architecto qui quia perferendis.', 2, '2018-11-14 06:34:03', '2018-11-14 06:34:03'),
(2, 94, 'Hilda Vandervort MD', 'Aut laboriosam expedita sint at beatae. Minima non animi fuga et suscipit enim facilis. Sunt et quaerat repudiandae ipsam quia. Incidunt nobis magni sit omnis. Tempore est est nisi modi.', 1, '2018-11-14 06:34:03', '2018-11-14 06:34:03'),
(3, 51, 'Daniella Beatty', 'Eum qui illum perspiciatis voluptatum aperiam mollitia. Impedit omnis voluptate odit omnis porro. Nobis suscipit voluptates quis officiis ipsum maiores voluptatem quis. Voluptatum cum explicabo provident illo.', 2, '2018-11-14 06:34:03', '2018-11-14 06:34:03'),
(4, 46, 'Miss June Purdy', 'Omnis architecto provident soluta illum quae. Quia itaque quidem eius dicta.', 5, '2018-11-14 06:34:03', '2018-11-14 06:34:03'),
(5, 86, 'Prof. Alexanne Greenfelder DVM', 'Repellendus soluta aspernatur quis quos placeat. Sit est vero dolores quidem rerum et quis. Quasi vitae voluptas delectus. Pariatur vitae illo amet dolorem.', 0, '2018-11-14 06:34:03', '2018-11-14 06:34:03'),
(6, 44, 'Augustine Homenick', 'Natus facere quia corporis cupiditate sunt autem. Et voluptas nobis aliquid perspiciatis ipsam et. Sit quam fuga expedita voluptates. Quibusdam rerum ea voluptatem commodi ut rerum.', 0, '2018-11-14 06:34:03', '2018-11-14 06:34:03'),
(7, 43, 'Maximillia Halvorson III', 'Impedit sed aut harum natus voluptates nisi iste. Nostrum quos hic voluptatum qui iure delectus. Possimus tempora ut dolorem laudantium.', 2, '2018-11-14 06:34:03', '2018-11-14 06:34:03'),
(8, 40, 'Titus Ryan', 'Possimus cum id quas. Quas consequatur laborum voluptatem et quidem voluptates minus. Tempora ex voluptas et. Vel assumenda aut dolores debitis.', 1, '2018-11-14 06:34:03', '2018-11-14 06:34:03'),
(9, 13, 'Rowan Armstrong', 'Fuga rerum fugit deserunt animi perferendis. Nihil eius eos tempora qui est odio laudantium. Possimus rem aliquid et vitae. Voluptatem eius eius nam aut sequi dolore velit.', 1, '2018-11-14 06:34:03', '2018-11-14 06:34:03'),
(10, 91, 'Mr. Danny Collier Jr.', 'Non unde et eum earum. Minus ut vero quo. Quod corporis qui modi. Ut at velit minus. Voluptatem ut qui quia voluptatum.', 5, '2018-11-14 06:34:03', '2018-11-14 06:34:03'),
(11, 13, 'Stephanie Nolan', 'Harum placeat placeat non sit optio modi nostrum. Omnis ut sunt labore voluptatem deleniti nemo eos ut. Blanditiis hic neque ut dolorem. Ullam nisi libero est ut.', 1, '2018-11-14 06:34:03', '2018-11-14 06:34:03'),
(12, 27, 'Prof. Kristina Hackett', 'Totam voluptatum voluptatem voluptatem ut modi doloremque ut doloribus. Sequi odio ullam dolore rerum. Ut quod saepe facilis et est ea et. Amet vel facere ex aut cumque nulla illo eum. Unde tempore qui optio voluptas.', 3, '2018-11-14 06:34:03', '2018-11-14 06:34:03'),
(13, 58, 'Miss Iva Hagenes', 'Ut libero aut provident. Consectetur dolore ut sunt culpa dicta quam. Ad occaecati eos voluptate. Molestias omnis officia est doloremque distinctio.', 2, '2018-11-14 06:34:03', '2018-11-14 06:34:03'),
(14, 52, 'Eusebio Goldner', 'Est sit maiores enim ut porro dignissimos. Odit rerum possimus maiores ut sed ipsam. Hic nesciunt quis distinctio ipsa labore explicabo voluptate.', 4, '2018-11-14 06:34:03', '2018-11-14 06:34:03'),
(15, 48, 'Abbigail Kihn', 'Quasi sint aliquam illo molestias maiores omnis et quis. Cupiditate quibusdam aut odio molestiae molestiae doloremque. Cupiditate et quia quam eos excepturi labore et natus. Laboriosam ipsam sit earum est dolore unde. Sit omnis reiciendis quo repellat ducimus.', 5, '2018-11-14 06:34:03', '2018-11-14 06:34:03'),
(16, 76, 'Gracie O\'Kon II', 'Aperiam nesciunt eaque fuga aut nostrum ex provident. Voluptas corrupti id quos impedit. Est earum eos at quis sed omnis.', 2, '2018-11-14 06:34:03', '2018-11-14 06:34:03'),
(17, 27, 'Roger Wehner', 'Fugit ipsam quis consequatur quia dolores velit. Repellat et perferendis rem nemo voluptatum ducimus non. Laborum nam et molestiae fuga magnam sint. Earum et voluptatum expedita nostrum sed occaecati voluptatem dolor.', 5, '2018-11-14 06:34:03', '2018-11-14 06:34:03'),
(18, 93, 'Sheridan Klocko', 'Soluta eveniet voluptatum placeat consectetur. Voluptate sed voluptatem voluptatem odit. Perferendis omnis blanditiis error illo. Qui inventore ut et saepe officiis et est voluptatibus.', 3, '2018-11-14 06:34:03', '2018-11-14 06:34:03'),
(19, 86, 'Dr. Don Carter', 'Alias itaque tempore maxime perspiciatis est ducimus veniam. Voluptatibus impedit labore qui blanditiis ad quo earum qui. Mollitia explicabo consequatur beatae non. Laborum omnis eligendi quis recusandae ut repellendus.', 3, '2018-11-14 06:34:03', '2018-11-14 06:34:03'),
(20, 45, 'Khalil Luettgen', 'Ipsa aut asperiores exercitationem odio et. Deleniti sapiente dicta perspiciatis unde eum maiores.', 0, '2018-11-14 06:34:03', '2018-11-14 06:34:03'),
(21, 74, 'Mrs. Herminia Beatty', 'Nam doloribus et molestiae. Est porro at dolor. Harum provident placeat animi voluptatem placeat sed.', 5, '2018-11-14 06:34:03', '2018-11-14 06:34:03'),
(22, 16, 'Dr. Ozella Carter', 'Vel voluptate atque dignissimos ex. Et quia recusandae consequatur optio. Omnis et voluptatem rerum quo ducimus nihil numquam. Consequatur unde officiis est natus veritatis cupiditate. Ullam sit qui aut ipsam.', 4, '2018-11-14 06:34:03', '2018-11-14 06:34:03'),
(23, 98, 'Eunice Hauck III', 'Quia voluptatem debitis sed. Cupiditate delectus et consequatur. Soluta quod tenetur vero recusandae non reprehenderit.', 3, '2018-11-14 06:34:03', '2018-11-14 06:34:03'),
(24, 84, 'Prince Trantow Sr.', 'Minima ipsum sunt quo omnis nisi qui quam qui. Unde nam enim autem et aspernatur. Rem laboriosam perferendis necessitatibus voluptatum dolorem eveniet. Facere optio veritatis beatae placeat.', 0, '2018-11-14 06:34:03', '2018-11-14 06:34:03'),
(25, 59, 'Dr. Tony Larkin', 'Architecto molestiae enim velit cumque totam blanditiis modi qui. Voluptatem ullam voluptate voluptatem cum impedit qui itaque. Qui et et dolor ad consequatur architecto rerum. Mollitia rerum doloribus exercitationem iusto repellat.', 0, '2018-11-14 06:34:03', '2018-11-14 06:34:03'),
(26, 88, 'Vivienne Morar', 'Perspiciatis id distinctio consequatur odit odit quaerat vitae. Blanditiis quae inventore ut et. Quia aut est non et et ut fuga assumenda.', 1, '2018-11-14 06:34:03', '2018-11-14 06:34:03'),
(27, 25, 'Nia Hilpert', 'Quisquam at est aut labore autem rem et. A cupiditate sint sunt dolor minima. Qui at officiis perspiciatis necessitatibus labore. Provident sit culpa minus itaque non.', 0, '2018-11-14 06:34:03', '2018-11-14 06:34:03'),
(28, 33, 'Mary Smitham', 'Ullam voluptas laboriosam dolores natus. Et nulla sapiente amet voluptatem sed et. Rerum molestias aut animi optio perspiciatis.', 2, '2018-11-14 06:34:03', '2018-11-14 06:34:03'),
(29, 69, 'Sheridan Jast', 'Laborum libero in quia occaecati sint beatae. Debitis ex et qui. Facere culpa natus nobis at. Minima occaecati aut dolor laboriosam est odit quidem.', 2, '2018-11-14 06:34:03', '2018-11-14 06:34:03'),
(30, 27, 'Dr. Itzel Okuneva MD', 'Sunt necessitatibus sequi error itaque enim. Mollitia est assumenda tenetur omnis deserunt velit est perspiciatis. Ut est incidunt nostrum beatae velit accusamus. Asperiores dignissimos optio quam veniam.', 3, '2018-11-14 06:34:03', '2018-11-14 06:34:03'),
(31, 57, 'Stefan Price', 'Esse atque explicabo hic beatae aut. Fuga et esse qui velit. Ut nobis et debitis nulla voluptatem.', 5, '2018-11-14 06:34:03', '2018-11-14 06:34:03'),
(32, 55, 'Eldon Rogahn', 'Totam voluptatem autem aut voluptatem voluptatem quia. Sed aut commodi ea repellendus aliquam laudantium. Perferendis iure ipsa qui quos asperiores. Incidunt ducimus similique iusto.', 1, '2018-11-14 06:34:03', '2018-11-14 06:34:03'),
(33, 34, 'Dejon Barrows', 'Dolores cumque dolores maiores accusantium nulla harum dolorum numquam. Eos velit voluptate est architecto aut minima. Dolores voluptas reiciendis ad in placeat itaque facere. Iusto perspiciatis et quibusdam tempora nulla et.', 2, '2018-11-14 06:34:03', '2018-11-14 06:34:03'),
(34, 44, 'Timmothy Lueilwitz', 'Sed autem dicta quidem accusantium. Vitae ut rerum aut quia facere error. Voluptate totam aut corrupti natus et similique.', 1, '2018-11-14 06:34:03', '2018-11-14 06:34:03'),
(35, 29, 'Arvilla Lueilwitz', 'Quia natus molestiae a deserunt. Aperiam qui odit quia perspiciatis repellat. Ad aspernatur eligendi blanditiis ex fugit cumque molestiae. Facere maxime soluta qui error eveniet est ipsum molestiae.', 4, '2018-11-14 06:34:03', '2018-11-14 06:34:03'),
(36, 68, 'Ansel Senger Jr.', 'Sint velit ut ut debitis. Et et necessitatibus rerum aut minima id voluptas eligendi. Et et inventore ad.', 3, '2018-11-14 06:34:03', '2018-11-14 06:34:03'),
(37, 51, 'Rogelio Walsh', 'Saepe dignissimos ratione dolore debitis a. Et similique unde in sed omnis. Aut voluptas omnis repudiandae quia eos.', 3, '2018-11-14 06:34:03', '2018-11-14 06:34:03'),
(38, 83, 'Kelli Rowe MD', 'Laborum vitae aut consequatur ut. Minima ut ea esse aliquam. Accusantium ipsa tenetur molestiae beatae. Quibusdam expedita quisquam rerum sit et optio aut.', 5, '2018-11-14 06:34:03', '2018-11-14 06:34:03'),
(39, 68, 'Prof. Rex Bogisich', 'Consequuntur architecto voluptas veniam aut aut nostrum. Aut qui corporis nobis reprehenderit. A consequuntur praesentium quia quia ipsam voluptatem non. Vel minus impedit iusto impedit sunt modi.', 2, '2018-11-14 06:34:03', '2018-11-14 06:34:03'),
(40, 99, 'Weston Block IV', 'Quia enim animi architecto aut veritatis pariatur. Et molestiae est et possimus iste quasi unde. Laborum rem impedit est magnam quisquam distinctio.', 2, '2018-11-14 06:34:03', '2018-11-14 06:34:03'),
(41, 87, 'Dr. Carmen Shanahan III', 'Animi temporibus eligendi culpa aut. Velit rerum vel saepe doloremque ut fugit quae magni. Non magni neque tempore eos vel eligendi velit. Provident et dolorem vel beatae.', 3, '2018-11-14 06:34:03', '2018-11-14 06:34:03'),
(42, 9, 'Dr. Margot Hickle', 'Sit suscipit aspernatur veritatis. Pariatur possimus rem qui est dolores. Commodi beatae veritatis sint ipsa asperiores.', 3, '2018-11-14 06:34:03', '2018-11-14 06:34:03'),
(43, 39, 'Abigayle Sporer', 'Fugit quas quas consequatur et minima inventore sunt. Mollitia ipsam et occaecati fuga nemo. Consequatur vel architecto qui error laborum quod autem. Vitae et fugit et voluptatem vitae quod vitae.', 5, '2018-11-14 06:34:03', '2018-11-14 06:34:03'),
(44, 15, 'Gerson Frami Jr.', 'Provident aut eveniet dignissimos dicta in est. Ducimus commodi eligendi repellat repellendus. Tenetur et non et. Debitis ea quis assumenda.', 3, '2018-11-14 06:34:03', '2018-11-14 06:34:03'),
(45, 46, 'Dr. Katheryn O\'Kon', 'Pariatur beatae odio voluptates velit dolor et possimus quibusdam. Aut deserunt est deserunt dolor reiciendis voluptatem totam. Aspernatur et quibusdam earum minima.', 5, '2018-11-14 06:34:03', '2018-11-14 06:34:03'),
(46, 15, 'Adrien West MD', 'Pariatur accusantium quia sit et minus. Ex id unde nulla vel qui. Et eum minus libero et.', 4, '2018-11-14 06:34:03', '2018-11-14 06:34:03'),
(47, 37, 'Mrs. Katherine Aufderhar', 'Et reiciendis cupiditate praesentium enim. Magni eveniet voluptas nulla totam ex. Quisquam atque ipsam nihil non id voluptatem earum. Sit sequi non praesentium veniam excepturi.', 2, '2018-11-14 06:34:03', '2018-11-14 06:34:03'),
(48, 27, 'Meta Reinger', 'Et magni fugit explicabo maxime incidunt molestias. Non molestiae aut corrupti praesentium. Aut dolore voluptatem repudiandae iure dolores odit. Eos est repellendus esse autem rerum. Est ut unde ad excepturi blanditiis eos in.', 0, '2018-11-14 06:34:03', '2018-11-14 06:34:03'),
(49, 78, 'Rebekah Ziemann', 'Expedita deserunt et dicta exercitationem. Et aut sunt est qui odio.', 5, '2018-11-14 06:34:03', '2018-11-14 06:34:03'),
(50, 36, 'Clinton Becker', 'Nihil animi nostrum consequatur nihil non adipisci. Eius et aperiam numquam quam exercitationem praesentium ut. Qui laudantium reiciendis natus dolor.', 2, '2018-11-14 06:34:03', '2018-11-14 06:34:03'),
(51, 97, 'Paul Dietrich', 'Nihil et mollitia odio laborum aut. Qui sint quidem suscipit possimus ut quae. Rerum pariatur eum iusto. Vero autem quia vero autem ea culpa.', 3, '2018-11-14 06:34:03', '2018-11-14 06:34:03'),
(52, 4, 'Dr. Major Schmeler', 'Facilis debitis accusamus velit eveniet quidem. Nemo fugit expedita aut voluptate molestiae aut et. Mollitia cum est explicabo sed blanditiis deleniti quae delectus. Itaque repudiandae omnis dolorem incidunt voluptas dolor ad iste.', 3, '2018-11-14 06:34:03', '2018-11-14 06:34:03'),
(53, 19, 'Torrance Stokes', 'Aut omnis fugiat beatae ea occaecati rerum aut. Excepturi reprehenderit reprehenderit quaerat et ipsum dolore adipisci. Vitae fugit ipsum quibusdam totam est. Consequatur asperiores iste suscipit exercitationem similique.', 4, '2018-11-14 06:34:03', '2018-11-14 06:34:03'),
(54, 36, 'Dr. Jasper Davis', 'Culpa iusto similique aliquam et ut delectus ut. Voluptatem quis sint labore itaque totam. Odit beatae quidem tempore ad est cupiditate. Esse similique facere libero vero qui modi.', 5, '2018-11-14 06:34:03', '2018-11-14 06:34:03'),
(55, 9, 'Augustine Schneider', 'Sunt omnis unde adipisci eveniet aut. Quo eum vel odit perferendis consequatur. Repudiandae ad totam inventore est totam molestiae eveniet. Quasi tempore quis assumenda quo perspiciatis non quod.', 1, '2018-11-14 06:34:03', '2018-11-14 06:34:03'),
(56, 19, 'Glenda Steuber', 'Rerum vel soluta quos quas. Sint ratione voluptatem eius distinctio. Qui iure voluptas sint sit maiores blanditiis qui. Delectus esse sit quae hic earum cupiditate.', 0, '2018-11-14 06:34:03', '2018-11-14 06:34:03'),
(57, 85, 'Mrs. Evelyn Mraz I', 'Cumque ut dolorem alias officiis officia aut modi. Minus quia cum quisquam maxime facere aut dignissimos. Corrupti ut qui quia sit nobis consequatur.', 2, '2018-11-14 06:34:03', '2018-11-14 06:34:03'),
(58, 24, 'Dr. Fannie Gottlieb DDS', 'Voluptatem consequuntur nisi doloremque nihil ut excepturi et. Ut repudiandae et doloremque. Dolor unde labore fugiat neque quis ipsam inventore.', 5, '2018-11-14 06:34:03', '2018-11-14 06:34:03'),
(59, 19, 'Jacey Langosh', 'Et quae aperiam perspiciatis voluptatem. Expedita doloremque sunt ipsam vel autem ratione cumque non. Voluptas impedit minus libero ut harum ab. Doloremque sit nam laborum dicta repudiandae corporis quia quod.', 1, '2018-11-14 06:34:03', '2018-11-14 06:34:03'),
(60, 31, 'Ms. Rhea Cruickshank', 'Qui nulla facilis itaque quibusdam temporibus iste nostrum. Blanditiis ut doloribus corrupti itaque voluptatem. Eum ad sed qui optio autem. Earum laborum aliquam similique.', 2, '2018-11-14 06:34:03', '2018-11-14 06:34:03'),
(61, 89, 'Dr. Yolanda Grant', 'Aut eveniet sed et omnis odit. Dicta eum modi quo molestias optio aspernatur dolores. Et nisi temporibus deleniti ab.', 1, '2018-11-14 06:34:03', '2018-11-14 06:34:03'),
(62, 32, 'Marilyne Murazik', 'Vero deleniti voluptas accusamus dolores facilis. Odit debitis dolorum illum autem et quia placeat. Voluptas magnam culpa enim.', 4, '2018-11-14 06:34:03', '2018-11-14 06:34:03'),
(63, 6, 'Prof. Nichole Barrows', 'Nisi alias aut error pariatur qui eos itaque. Tenetur in voluptatem omnis iusto eveniet natus nobis harum. Corrupti sed praesentium voluptatem recusandae. Et aut est nihil ducimus nulla recusandae aliquam non. Doloremque nobis reprehenderit rerum vel dolore illo.', 1, '2018-11-14 06:34:03', '2018-11-14 06:34:03'),
(64, 47, 'Agustin Cronin', 'Dignissimos aut voluptatibus aliquam. Saepe vel alias consequatur esse est. Earum velit quos unde omnis quo beatae. Velit sit dolor at harum possimus.', 5, '2018-11-14 06:34:03', '2018-11-14 06:34:03'),
(65, 13, 'Mrs. Marianna Champlin', 'Eius nostrum repellendus ullam non voluptas. Commodi voluptates et laudantium magni libero. Dolorum molestiae accusamus aut saepe quisquam laborum commodi. Est qui voluptatum voluptatibus odio sed veniam veritatis. Et ut quia dolorum.', 5, '2018-11-14 06:34:03', '2018-11-14 06:34:03'),
(66, 36, 'Sincere Corkery MD', 'Neque consequatur distinctio aliquam voluptatem. Voluptatem soluta et quidem sed vel quia.', 4, '2018-11-14 06:34:03', '2018-11-14 06:34:03'),
(67, 95, 'Prof. Eunice Roob', 'Possimus eaque minus consectetur et dolor debitis ea. Optio nulla facilis quae molestias ut. Commodi est omnis consequatur iure. Tempore natus voluptatum magnam voluptates.', 1, '2018-11-14 06:34:03', '2018-11-14 06:34:03'),
(68, 42, 'Leslie Murray', 'Atque doloremque sequi exercitationem. Non harum laudantium libero sequi dolores unde. Enim nemo delectus velit sed.', 5, '2018-11-14 06:34:03', '2018-11-14 06:34:03'),
(69, 87, 'Raven Torp', 'Accusamus ut ipsa ut unde harum. Illum quisquam porro asperiores assumenda at.', 0, '2018-11-14 06:34:03', '2018-11-14 06:34:03'),
(70, 66, 'Dr. Freddy Kshlerin', 'Quia distinctio odio molestiae ut quia. Dolor rerum aspernatur doloremque provident.', 3, '2018-11-14 06:34:03', '2018-11-14 06:34:03'),
(71, 65, 'Alena Upton', 'Voluptatum iste reprehenderit quod ab ut voluptate enim. Minus est nobis omnis ullam voluptatum praesentium enim architecto. Ducimus quis qui voluptate eligendi velit dicta quia hic.', 3, '2018-11-14 06:34:03', '2018-11-14 06:34:03'),
(72, 14, 'Dr. Naomi Lynch I', 'Harum impedit corrupti dolorem harum. Inventore sit soluta tenetur aut ducimus libero repellendus. Minus et accusantium beatae eum perferendis totam.', 1, '2018-11-14 06:34:03', '2018-11-14 06:34:03'),
(73, 77, 'Delphine Braun', 'Omnis dolor molestiae magni nisi repellat. Aut fugit vel culpa. Molestiae vero aut recusandae et. Harum repudiandae ea enim fugit voluptate hic non.', 5, '2018-11-14 06:34:03', '2018-11-14 06:34:03'),
(74, 69, 'Ewald Balistreri I', 'Optio natus repellendus nulla corrupti consequatur magnam. Fugit officia ut sapiente.', 5, '2018-11-14 06:34:03', '2018-11-14 06:34:03'),
(75, 89, 'Keshaun Lind', 'Accusantium odio aspernatur dolorem aperiam iusto animi corporis. Aut ab accusantium perferendis quo dolorem mollitia sed. Adipisci aut suscipit repellendus.', 2, '2018-11-14 06:34:03', '2018-11-14 06:34:03'),
(76, 19, 'Lucious Little', 'Culpa consequuntur rerum vitae deleniti. Officia a accusantium autem excepturi optio. Sit debitis rerum fugit.', 2, '2018-11-14 06:34:03', '2018-11-14 06:34:03'),
(77, 65, 'Don Bins', 'Quibusdam ut ea voluptas saepe quisquam enim quaerat incidunt. Minima at quae dolorem quasi. Eum cupiditate quia magnam in voluptas ipsa debitis.', 3, '2018-11-14 06:34:03', '2018-11-14 06:34:03'),
(78, 1, 'Kareem Lindgren I', 'Facere voluptatum corrupti a qui eligendi eos quo. Facilis est sit est maxime iste exercitationem aut ducimus. Hic tempore labore magnam veniam quisquam neque aut.', 5, '2018-11-14 06:34:03', '2018-11-14 06:34:03'),
(79, 3, 'Leif Schmitt', 'Quisquam natus aut quia voluptatem eligendi qui similique. Rerum rem aspernatur deleniti aut aliquam illum. Mollitia dolore quo minus voluptatem porro quam.', 4, '2018-11-14 06:34:03', '2018-11-14 06:34:03'),
(80, 74, 'Ms. Natalie Wolff', 'Aut porro ut et voluptas sint qui nobis voluptates. Aut exercitationem enim repudiandae. Necessitatibus totam exercitationem deleniti qui aut aliquid.', 1, '2018-11-14 06:34:03', '2018-11-14 06:34:03'),
(81, 92, 'Dr. Reid White', 'Amet non quis adipisci corrupti odit animi rerum ratione. Saepe magnam sunt quia. Dolor corrupti eos quibusdam quas ipsum molestiae. Suscipit iure iusto nihil sed amet culpa.', 0, '2018-11-14 06:34:03', '2018-11-14 06:34:03'),
(82, 21, 'Prof. Kenneth Haag I', 'Itaque est non praesentium beatae quisquam. Provident quaerat nulla assumenda nihil et sit porro. Voluptates autem perferendis molestias libero itaque delectus. Deserunt tempora dolor fuga perspiciatis.', 5, '2018-11-14 06:34:03', '2018-11-14 06:34:03'),
(83, 46, 'Karli Boyer', 'Voluptatem minus et qui consequuntur blanditiis perferendis. Ipsum expedita quis minima. Et expedita repudiandae odit consequatur quae odit. Cupiditate minus iure tenetur animi rerum tempore aut.', 2, '2018-11-14 06:34:03', '2018-11-14 06:34:03'),
(84, 87, 'Meta Streich', 'Molestiae aut nulla quasi deserunt incidunt quia nesciunt. Quaerat architecto natus necessitatibus molestiae qui et. Quia et qui iure animi eum molestiae. Aut corrupti quod laboriosam explicabo sit dolor hic.', 1, '2018-11-14 06:34:03', '2018-11-14 06:34:03'),
(85, 29, 'Kristy Kreiger', 'Eaque voluptate architecto excepturi pariatur autem quaerat. Quod soluta sint labore. Repellat et atque est et temporibus. Cupiditate nostrum asperiores labore quis quia.', 0, '2018-11-14 06:34:03', '2018-11-14 06:34:03'),
(86, 4, 'Adrianna McDermott', 'Aut qui totam reprehenderit qui quia in perferendis deserunt. Qui odit excepturi error sequi voluptates. Eius enim consequatur atque incidunt recusandae amet.', 5, '2018-11-14 06:34:03', '2018-11-14 06:34:03'),
(87, 21, 'Faustino Mertz', 'Asperiores quas praesentium aliquid iure magni quam. Nemo voluptate harum ut mollitia voluptas corrupti ipsam reprehenderit. Iusto corporis placeat quod aut exercitationem.', 0, '2018-11-14 06:34:03', '2018-11-14 06:34:03'),
(88, 25, 'Mrs. Vivianne Hermiston', 'Error adipisci deleniti ex quod. Dicta mollitia minus nihil reprehenderit est. Accusantium iste non corporis magnam.', 3, '2018-11-14 06:34:03', '2018-11-14 06:34:03'),
(89, 4, 'Prof. Ceasar Torp', 'Itaque ipsa ullam temporibus nesciunt quasi velit adipisci. Ut dicta occaecati animi atque perspiciatis illo aut qui. Quo perferendis nesciunt ut ut sapiente libero officia dolor. Mollitia rerum sequi dignissimos mollitia explicabo ad.', 0, '2018-11-14 06:34:03', '2018-11-14 06:34:03'),
(90, 65, 'Prof. Benedict Gaylord', 'Quia possimus dolorum porro consectetur adipisci officiis eum. Nemo soluta illo repellendus aspernatur sunt nobis sit repellat. Ut deleniti est velit expedita est.', 3, '2018-11-14 06:34:03', '2018-11-14 06:34:03'),
(91, 34, 'Major Hodkiewicz', 'Laborum reiciendis et assumenda. Iste sit blanditiis tempore rerum nostrum. Blanditiis quis dicta tenetur doloremque molestiae. Veritatis aliquid accusamus beatae recusandae animi consequatur. Fuga dolores nobis consequatur nam a.', 3, '2018-11-14 06:34:03', '2018-11-14 06:34:03'),
(92, 60, 'Summer Gusikowski MD', 'Voluptates inventore eligendi sed corrupti omnis aut. Commodi dolorem nostrum aut expedita quia. Minus quia excepturi sapiente dicta eveniet dolorum voluptatem. Id est delectus corporis nostrum.', 2, '2018-11-14 06:34:03', '2018-11-14 06:34:03'),
(93, 53, 'Dr. Joe Wisozk', 'Eum est eos aliquam voluptas. Earum sunt tenetur voluptates quam consectetur animi. Excepturi dolores id non dolores. Et iusto est mollitia dolores dicta provident.', 1, '2018-11-14 06:34:03', '2018-11-14 06:34:03'),
(94, 12, 'Kenny Torp', 'Omnis illo enim libero eos autem sunt tempora. Vel ea autem quia distinctio omnis exercitationem distinctio.', 4, '2018-11-14 06:34:03', '2018-11-14 06:34:03'),
(95, 97, 'Miss Dixie Christiansen', 'Rerum voluptates minima veritatis exercitationem soluta sit saepe saepe. Est rerum libero dolor sed assumenda quia debitis nam. Qui saepe rem porro velit. Corrupti eos explicabo est amet.', 5, '2018-11-14 06:34:03', '2018-11-14 06:34:03'),
(96, 35, 'Mina Stroman', 'Distinctio accusamus voluptas ratione dolore quas perspiciatis. Doloremque praesentium voluptate deserunt magni illo ut vel sapiente. Pariatur commodi esse exercitationem.', 3, '2018-11-14 06:34:03', '2018-11-14 06:34:03'),
(97, 88, 'Otis Metz DVM', 'Velit et ducimus sed est officia. Expedita quibusdam dignissimos libero nobis occaecati sit.', 1, '2018-11-14 06:34:03', '2018-11-14 06:34:03'),
(98, 77, 'Peter Bode', 'Quidem quibusdam et sapiente deserunt voluptate velit. Laboriosam qui rem in similique minus ipsam. Beatae molestias recusandae soluta recusandae iusto veritatis. Odio veritatis laudantium ut quas.', 0, '2018-11-14 06:34:03', '2018-11-14 06:34:03'),
(99, 38, 'Meta Daniel', 'Consectetur facilis incidunt commodi amet dicta. Enim molestiae eum rerum ea officiis minima delectus. Aut recusandae nostrum ut facere. Ipsum pariatur eveniet magni nisi accusamus consequatur quisquam.', 2, '2018-11-14 06:34:03', '2018-11-14 06:34:03'),
(100, 9, 'Brooke Fritsch', 'Adipisci veritatis eveniet sequi quia error nisi ut. Optio delectus iste reprehenderit alias consequatur. Ratione inventore sint et cum quaerat odit.', 1, '2018-11-14 06:34:03', '2018-11-14 06:34:03'),
(101, 41, 'Mrs. Patsy West III', 'Non error corrupti quaerat architecto. Consequatur suscipit adipisci ut cupiditate tempora. Hic quia quia iusto qui esse nulla. Expedita perferendis magnam voluptatem minus saepe ipsa sed nulla.', 5, '2018-11-14 06:34:03', '2018-11-14 06:34:03'),
(102, 55, 'Prof. Pink O\'Keefe', 'Ea ea rerum sit distinctio eligendi quas. Quo quia porro autem. Dolores consectetur dicta voluptatem autem corporis enim ut aperiam. Sunt iure amet qui.', 0, '2018-11-14 06:34:03', '2018-11-14 06:34:03'),
(103, 69, 'Dr. Cordelia Kunze DDS', 'Sunt natus omnis quisquam aut consequatur. Quaerat assumenda odio facere et deleniti. Adipisci rerum quaerat sit et rerum adipisci laboriosam.', 2, '2018-11-14 06:34:03', '2018-11-14 06:34:03'),
(104, 91, 'Missouri Ledner', 'Vitae vero quis deserunt nemo. Aut voluptatem aut aliquam ipsum ullam.', 1, '2018-11-14 06:34:03', '2018-11-14 06:34:03'),
(105, 42, 'Dr. Judge McCullough', 'Quasi perspiciatis voluptatem maxime perferendis. Sit consequatur explicabo debitis non. Et qui et dolores atque. Et voluptates saepe porro.', 5, '2018-11-14 06:34:03', '2018-11-14 06:34:03'),
(106, 58, 'Miss Jennyfer Rogahn IV', 'Pariatur quasi est sed voluptatum cupiditate laudantium reiciendis. Atque ex et enim ea nulla. Quia voluptas dignissimos molestiae hic facere modi. Qui impedit molestias ab.', 1, '2018-11-14 06:34:03', '2018-11-14 06:34:03'),
(107, 88, 'Marianna Mills', 'Ex consequatur rerum expedita. Facere consequatur ut ullam consequatur repellat. Deserunt expedita saepe unde et optio. Et soluta eum qui et vero possimus magnam.', 1, '2018-11-14 06:34:03', '2018-11-14 06:34:03'),
(108, 17, 'Rigoberto Ziemann DVM', 'Veritatis architecto blanditiis tempora rem dolorum voluptate consequatur. Ea rerum eius ut magni non repudiandae accusamus. Possimus consequatur iure fugit commodi nihil vitae.', 3, '2018-11-14 06:34:03', '2018-11-14 06:34:03'),
(109, 7, 'Kaya Donnelly', 'Ea accusamus numquam nemo ducimus explicabo est vel quaerat. Doloribus harum a sit voluptates. Quos optio sed qui ut natus.', 4, '2018-11-14 06:34:03', '2018-11-14 06:34:03'),
(110, 32, 'Queenie Senger', 'Expedita ut consequatur labore et distinctio. Ut quo ad doloremque quos optio alias. A omnis dolor unde omnis ratione ratione praesentium suscipit.', 0, '2018-11-14 06:34:03', '2018-11-14 06:34:03'),
(111, 42, 'Sallie Bradtke Sr.', 'Sed cupiditate quisquam id explicabo harum a quia molestiae. Rerum omnis hic soluta voluptates et. Officia recusandae iure accusamus eum. Odit sed aspernatur iure aut ipsum reprehenderit.', 5, '2018-11-14 06:34:03', '2018-11-14 06:34:03'),
(112, 46, 'Bonnie Schultz', 'Aspernatur fugit in voluptatem repellat corrupti commodi. Saepe molestias dolores reprehenderit qui necessitatibus. Ipsam et dolore illum consequatur est id. Sit facilis quisquam voluptatem est est facilis vitae.', 1, '2018-11-14 06:34:03', '2018-11-14 06:34:03'),
(113, 30, 'Vladimir Legros', 'Laudantium architecto quam nihil et. Porro molestiae enim similique qui natus. Quo culpa ex sunt eum dignissimos qui quidem. Recusandae accusamus ut voluptatem et.', 4, '2018-11-14 06:34:03', '2018-11-14 06:34:03'),
(114, 40, 'Verda Becker Sr.', 'Debitis nesciunt magni error sed et. Nemo quibusdam dicta aliquam est. Explicabo aut corrupti temporibus. Voluptas ut cupiditate veritatis libero molestiae ab rem facilis.', 3, '2018-11-14 06:34:03', '2018-11-14 06:34:03'),
(115, 56, 'Bridget Blick', 'Eligendi quis ut ratione. Et reiciendis suscipit quod et sint. Voluptas sed magnam et quis hic dolor.', 5, '2018-11-14 06:34:03', '2018-11-14 06:34:03'),
(116, 76, 'Irma Kozey', 'Dolorem quos facilis at magni eaque dolore iure. Omnis ipsum aut corrupti explicabo. Occaecati illum minus qui delectus quis corporis. Aut tenetur eius iusto.', 0, '2018-11-14 06:34:03', '2018-11-14 06:34:03'),
(117, 31, 'Alexandra Oberbrunner', 'Iste iure similique perferendis aliquid. Asperiores ut repellat tenetur rem. Et sed ipsam atque fugiat. Enim quibusdam expedita facilis laborum cum accusamus.', 2, '2018-11-14 06:34:03', '2018-11-14 06:34:03'),
(118, 79, 'Dale Kutch', 'Quia consequatur aliquam est sit. Dolores porro unde ad velit nostrum odit eveniet sit. Maxime et debitis eum doloremque atque illum.', 0, '2018-11-14 06:34:03', '2018-11-14 06:34:03'),
(119, 55, 'Fredrick Nitzsche DVM', 'Qui et impedit et eos sint facere. Eveniet voluptate quia quos deserunt ut accusantium nisi. Corrupti nihil fugiat cupiditate ad. A molestiae illum velit.', 1, '2018-11-14 06:34:03', '2018-11-14 06:34:03'),
(120, 9, 'Sidney Goyette', 'Explicabo repellat sed occaecati. Harum velit exercitationem iste eos. Qui et ex reiciendis et distinctio velit in. Et porro minima quo libero nisi incidunt omnis.', 5, '2018-11-14 06:34:03', '2018-11-14 06:34:03'),
(121, 63, 'Nicolas Collier', 'Iste nam sunt nostrum perferendis itaque. Voluptates fuga quia non enim amet enim magni. Velit nam reprehenderit odit consequatur et consectetur ex molestiae. Id non rerum neque molestiae rerum et.', 0, '2018-11-14 06:34:03', '2018-11-14 06:34:03'),
(122, 7, 'Yazmin Ondricka I', 'Dignissimos ratione et aut qui earum. Esse blanditiis et temporibus est voluptas asperiores corporis quia. Dolores molestiae nobis eum illum hic. Fuga iusto saepe esse quaerat natus et quaerat. Corrupti modi repudiandae porro cupiditate eos.', 5, '2018-11-14 06:34:03', '2018-11-14 06:34:03'),
(123, 14, 'Cedrick Christiansen', 'Sint et sint autem suscipit quisquam. Consequuntur est nisi ab sunt voluptates. Aut numquam aperiam nemo tempore ut.', 1, '2018-11-14 06:34:03', '2018-11-14 06:34:03'),
(124, 44, 'Shanna Kling', 'Officia enim minima similique unde. Sed totam et cumque praesentium. Tempore praesentium aut amet unde optio. Atque nisi eos aliquid doloribus soluta velit.', 5, '2018-11-14 06:34:03', '2018-11-14 06:34:03'),
(125, 68, 'Jacklyn Hagenes', 'Et odit harum est consequatur molestiae itaque beatae assumenda. Est omnis ducimus nulla. Quas quidem voluptatem sequi dolorum. Mollitia quod perferendis cumque.', 0, '2018-11-14 06:34:03', '2018-11-14 06:34:03'),
(126, 18, 'Dr. Keegan Herzog DVM', 'Ipsum doloribus tempore maxime accusamus numquam ab aperiam. Velit eum officia quo quis at laboriosam aut. Ipsa dolorem culpa fuga nobis aut.', 5, '2018-11-14 06:34:03', '2018-11-14 06:34:03'),
(127, 18, 'Wendell Beier', 'Quia et non tenetur voluptates. Adipisci id voluptatem sint. Unde et quis sit enim laboriosam in.', 2, '2018-11-14 06:34:03', '2018-11-14 06:34:03'),
(128, 80, 'Nikita Herman II', 'Ut iste totam enim et a eaque. Culpa nostrum repellendus cupiditate magni. Velit modi voluptas magnam odit ratione voluptate ullam repellendus. Vel sit sunt dolor vitae sit consectetur eaque.', 5, '2018-11-14 06:34:03', '2018-11-14 06:34:03'),
(129, 26, 'Olen Rodriguez', 'Recusandae doloremque in omnis et consectetur repudiandae ut. Quia voluptas sint voluptatem repellat ducimus eos.', 3, '2018-11-14 06:34:03', '2018-11-14 06:34:03'),
(130, 42, 'Marquis Ledner', 'Molestiae quia nemo ut explicabo accusamus. Numquam incidunt quae magni ipsa eius illo aliquam. Quia natus quis qui officiis.', 5, '2018-11-14 06:34:03', '2018-11-14 06:34:03'),
(131, 33, 'Lonzo Pfannerstill', 'Fuga sed explicabo iure rem ex reiciendis et. Perspiciatis dolor vitae similique sed aliquam. Ullam accusamus est vitae necessitatibus recusandae numquam tenetur neque. Aliquam voluptas iure necessitatibus.', 3, '2018-11-14 06:34:03', '2018-11-14 06:34:03'),
(132, 77, 'Ms. Aliyah Torp', 'Architecto corporis quam voluptas explicabo delectus nisi deserunt. Eum consequatur iure id.', 1, '2018-11-14 06:34:03', '2018-11-14 06:34:03'),
(133, 83, 'Caroline Waelchi', 'Est itaque dolore ipsum ipsa. Soluta saepe ipsam ut sit. Non laudantium voluptatem modi porro omnis.', 2, '2018-11-14 06:34:03', '2018-11-14 06:34:03'),
(134, 94, 'Mr. Davin Krajcik', 'Adipisci est ea quae ea eligendi dolorem sunt. Quis praesentium vitae et eum. In quos enim nam dignissimos.', 5, '2018-11-14 06:34:03', '2018-11-14 06:34:03'),
(135, 62, 'Pink Anderson', 'Eligendi et reprehenderit quia dolorem veniam. Nulla architecto odio nobis dicta architecto tenetur quae. Labore fugit aliquid dicta necessitatibus velit harum.', 0, '2018-11-14 06:34:03', '2018-11-14 06:34:03'),
(136, 5, 'Albin Grimes', 'Vitae consequatur nemo et soluta reiciendis culpa vitae laboriosam. Esse saepe qui dolorem. Quod iste officiis eaque tempora fugit rerum. Quisquam sunt excepturi illo aut harum suscipit voluptatem.', 2, '2018-11-14 06:34:03', '2018-11-14 06:34:03'),
(137, 31, 'Henry Haley', 'Qui est perferendis veniam. Dolorem impedit sint aut soluta sed. Qui totam omnis fuga tempora.', 1, '2018-11-14 06:34:03', '2018-11-14 06:34:03'),
(138, 30, 'Dr. Dan O\'Connell', 'Repellendus voluptates velit officia harum sed aliquam ipsa. Ut minus sunt quisquam fuga. Rerum accusamus nemo error neque accusantium commodi dolores.', 4, '2018-11-14 06:34:03', '2018-11-14 06:34:03'),
(139, 56, 'Miss Adelia Mosciski Jr.', 'Rerum tenetur id sint voluptas est culpa voluptatem. Voluptatibus amet velit consequatur enim numquam corporis. Similique qui sunt et quasi dolorum dolore eaque. Et in tempore optio non distinctio vel sequi eveniet. Suscipit et cum autem soluta.', 3, '2018-11-14 06:34:03', '2018-11-14 06:34:03'),
(140, 81, 'Marjorie Bradtke', 'Inventore id et illum et et. Quia voluptatem qui qui inventore voluptatem. Modi vero impedit unde debitis officiis odio deserunt.', 2, '2018-11-14 06:34:03', '2018-11-14 06:34:03'),
(141, 97, 'Renee Homenick', 'Ut non sint facere est error a. Cum rem dolorum et omnis et et. Cum minus veritatis excepturi omnis. Fuga eos qui ut nemo sint quo eaque.', 2, '2018-11-14 06:34:03', '2018-11-14 06:34:03'),
(142, 49, 'Dr. Selina Bechtelar IV', 'Quae qui soluta quidem vero enim. Nam quia quia similique eveniet. Velit minus alias autem hic ullam minima.', 3, '2018-11-14 06:34:03', '2018-11-14 06:34:03'),
(143, 92, 'Antonia Bernhard', 'Veniam sequi quo magni ea voluptas ut nihil nihil. Et mollitia iste fugiat voluptatem deserunt. Temporibus quasi sint fugiat consequatur fuga laudantium ea. In distinctio incidunt aliquid ipsa et alias quidem. Quibusdam consectetur corrupti unde doloribus ipsam.', 4, '2018-11-14 06:34:03', '2018-11-14 06:34:03'),
(144, 88, 'Mrs. Jessyca Ledner Sr.', 'Occaecati consectetur deleniti doloremque tempora et ut consectetur. Quis enim optio asperiores quia. Culpa voluptatum non omnis asperiores quae.', 1, '2018-11-14 06:34:03', '2018-11-14 06:34:03'),
(145, 79, 'Vicenta Cronin MD', 'Veritatis illo qui excepturi voluptatem placeat quae. Aliquam veritatis quos voluptatem est. Quia quia aut suscipit voluptas eos enim. Corporis quam architecto ratione non tempore tempora.', 4, '2018-11-14 06:34:03', '2018-11-14 06:34:03'),
(146, 31, 'Bradly Kuhic V', 'Amet veniam tenetur atque voluptas aut. Sed omnis aspernatur doloremque laboriosam necessitatibus nisi. At est consectetur officia ab qui. Quisquam odit quo omnis inventore.', 4, '2018-11-14 06:34:03', '2018-11-14 06:34:03'),
(147, 7, 'Kaia Nienow I', 'Quo et et similique sint temporibus vel sapiente. Repudiandae ullam assumenda ab.', 0, '2018-11-14 06:34:03', '2018-11-14 06:34:03'),
(148, 49, 'Darrion Hartmann', 'Cumque ut quia accusantium aperiam vitae perferendis deleniti culpa. Voluptas molestiae pariatur provident sapiente tempora quia veniam. Quas velit porro ut quis non cupiditate qui aut.', 1, '2018-11-14 06:34:03', '2018-11-14 06:34:03'),
(149, 96, 'Estell Macejkovic', 'Iure debitis et exercitationem odio. Voluptas laborum quia voluptate quia officia veritatis. Dolor culpa molestiae velit debitis sit dolores minus.', 1, '2018-11-14 06:34:03', '2018-11-14 06:34:03'),
(150, 69, 'Ms. Verona Hill DVM', 'Earum ratione odit amet temporibus vitae. Facere nesciunt commodi expedita et laboriosam. Quis veniam quaerat aperiam qui temporibus aperiam voluptas.', 4, '2018-11-14 06:34:03', '2018-11-14 06:34:03'),
(151, 93, 'Marcelina Okuneva', 'Similique rerum qui quae ut. Sunt sapiente earum omnis odio dolor. Omnis voluptatem consequatur cumque culpa quis aut sed eos. Est provident doloribus id excepturi numquam in rerum.', 0, '2018-11-14 06:34:03', '2018-11-14 06:34:03'),
(152, 28, 'Cordell Fahey', 'Quia ratione velit qui et veniam voluptatem. Consequatur consectetur repellendus quis consequuntur aut non. Earum consequatur quam sit eos delectus libero culpa voluptate. Quia modi est voluptatem recusandae non sit placeat.', 2, '2018-11-14 06:34:03', '2018-11-14 06:34:03'),
(153, 29, 'Virgie Hettinger', 'Dolorem facere qui omnis error cum sint voluptatem. Doloremque corrupti expedita inventore nihil assumenda aperiam molestiae sit. Corporis recusandae amet nobis illo sit.', 0, '2018-11-14 06:34:03', '2018-11-14 06:34:03'),
(154, 50, 'Luigi Hahn V', 'Voluptate ut non ut voluptatem sed. Sed quo rerum ducimus reprehenderit ut laudantium facilis. Pariatur excepturi ipsa rerum nihil asperiores ratione qui enim. Doloremque magnam perspiciatis laboriosam distinctio praesentium dolore in.', 1, '2018-11-14 06:34:03', '2018-11-14 06:34:03'),
(155, 58, 'Bailee Kihn', 'Est sed assumenda voluptas corrupti non magnam omnis. Totam qui non qui omnis enim et tenetur temporibus. Recusandae odio illum tenetur perferendis dolorem voluptatum. Atque et quia cum et voluptatem aut rerum.', 1, '2018-11-14 06:34:03', '2018-11-14 06:34:03'),
(156, 58, 'Vincenzo Hayes', 'Facilis placeat velit repellat ullam porro exercitationem et. Et reiciendis dolorem maxime molestias quam ut. Qui fugiat inventore impedit blanditiis qui porro omnis nam.', 5, '2018-11-14 06:34:03', '2018-11-14 06:34:03'),
(157, 57, 'Vern Dibbert', 'Vel repellat voluptatibus quam est aperiam. Qui et et hic ducimus ut molestiae tempora. Qui at aut soluta et.', 0, '2018-11-14 06:34:03', '2018-11-14 06:34:03'),
(158, 91, 'Mrs. Adele Reichel MD', 'Nihil deleniti et et corporis aperiam qui. Recusandae et fuga in ut est nostrum. Et velit voluptate culpa aut nemo. Iure saepe distinctio sint itaque animi dolor. Aut consectetur pariatur aliquid enim perspiciatis praesentium ut.', 5, '2018-11-14 06:34:03', '2018-11-14 06:34:03'),
(159, 38, 'Mrs. Lila Heathcote', 'Laboriosam natus dignissimos labore aut nostrum omnis non. Rerum eos hic non suscipit sed occaecati nemo. Nobis enim laudantium voluptates quae. Cum fugit eos assumenda sint possimus. Qui doloremque quidem provident molestiae.', 1, '2018-11-14 06:34:03', '2018-11-14 06:34:03'),
(160, 45, 'Mrs. Margarita Monahan', 'Laudantium et deserunt dolor. Aut qui est molestiae alias ipsum harum doloremque. Eaque cumque omnis error saepe dolorem sed qui. Quasi eveniet qui porro modi.', 5, '2018-11-14 06:34:03', '2018-11-14 06:34:03'),
(161, 87, 'Liana Roberts', 'Dicta asperiores totam a provident consequatur nulla. Nulla minima quo nesciunt nulla repellendus itaque.', 4, '2018-11-14 06:34:03', '2018-11-14 06:34:03'),
(162, 61, 'Arely Murphy II', 'Quis ab quis atque ipsum. Sint commodi accusantium sunt velit. Voluptatem reprehenderit voluptatem nesciunt ut est laborum voluptatum aperiam. Doloremque omnis blanditiis incidunt velit sed qui. Ut aspernatur aut voluptatum assumenda.', 1, '2018-11-14 06:34:03', '2018-11-14 06:34:03'),
(163, 77, 'Vern Hagenes Jr.', 'Non nihil laborum consequatur aut impedit unde in. Laudantium quo consequatur officiis quasi quae. Iusto accusantium quae totam ducimus sint ea. Eos quas doloremque nisi modi autem cumque et.', 1, '2018-11-14 06:34:03', '2018-11-14 06:34:03'),
(164, 71, 'Dorthy Gutmann', 'Rerum quo doloribus inventore error velit voluptate. Porro ut non voluptas architecto. Magni beatae nobis esse aut perspiciatis dolorem quam. Blanditiis sit eos consequatur odio ut dolores. Ex eos aliquid doloribus voluptas soluta vel.', 3, '2018-11-14 06:34:03', '2018-11-14 06:34:03'),
(165, 33, 'Amelie Treutel', 'Error accusamus et aut. Dolorem non et et est aut. Quasi tenetur cupiditate harum corporis ipsam et quae.', 1, '2018-11-14 06:34:03', '2018-11-14 06:34:03'),
(166, 15, 'Lincoln Gleichner', 'Ut aliquam excepturi libero rem occaecati vel officia laudantium. Optio quia numquam aspernatur architecto explicabo enim. Dicta velit repellat et blanditiis vitae accusamus qui. Aut accusamus recusandae voluptatem doloremque laborum.', 5, '2018-11-14 06:34:03', '2018-11-14 06:34:03'),
(167, 70, 'Prof. Alfonzo Rohan DDS', 'Fugiat aliquam voluptatum consequuntur sint tenetur quod. Sequi et quia veritatis voluptatem molestiae enim dolore sunt. Dolorem voluptates fugit iste blanditiis eum. Voluptas placeat incidunt molestiae et optio quia rerum.', 0, '2018-11-14 06:34:03', '2018-11-14 06:34:03'),
(168, 65, 'Amir Runolfsdottir', 'Qui aut eum aliquid. Iusto ad ut vel voluptates iure culpa iusto. Deserunt officiis nemo id nostrum aspernatur quia.', 3, '2018-11-14 06:34:03', '2018-11-14 06:34:03'),
(169, 46, 'Godfrey Senger', 'Et culpa veritatis aut aperiam omnis odit modi. Velit dolor laborum at a delectus eveniet.', 5, '2018-11-14 06:34:03', '2018-11-14 06:34:03'),
(170, 84, 'Britney Walter', 'Sequi adipisci nobis facilis velit et eaque. Odio voluptatem facere sint assumenda quis atque error. Fuga repellendus ratione rerum sit omnis.', 4, '2018-11-14 06:34:03', '2018-11-14 06:34:03'),
(171, 63, 'Prof. Mossie Denesik', 'Consectetur nemo alias velit quisquam sit ea. Corrupti et autem quos illo. Debitis accusantium et aperiam tempore rerum velit ut. Nulla voluptatibus a facilis magnam dolores rerum.', 1, '2018-11-14 06:34:03', '2018-11-14 06:34:03'),
(172, 83, 'Louisa Walter', 'Deleniti quae error occaecati voluptas a animi non. Aut sit sapiente suscipit asperiores saepe. Corporis dolor minima omnis illum odio.', 0, '2018-11-14 06:34:03', '2018-11-14 06:34:03'),
(173, 72, 'Jabari Pacocha', 'Quia et earum asperiores molestias animi. Iure soluta ut qui temporibus ut nulla sed. Sint qui ad commodi velit ut. Nobis velit earum quo fugiat.', 2, '2018-11-14 06:34:03', '2018-11-14 06:34:03'),
(174, 76, 'Pink Barton', 'Beatae et totam ducimus sint vitae deserunt. Non minus cumque et magni velit hic. Praesentium temporibus sit aut. Tempore rerum magni aliquid eveniet consequatur quo. Voluptatem et nihil dolorem blanditiis in nobis.', 3, '2018-11-14 06:34:03', '2018-11-14 06:34:03'),
(175, 39, 'Erling Kessler', 'Veniam consequatur tempora explicabo et quidem quia. Expedita delectus autem est laboriosam temporibus quos ut. Et et in velit quibusdam. Odit nemo perspiciatis consequatur aliquid expedita eveniet similique.', 3, '2018-11-14 06:34:03', '2018-11-14 06:34:03'),
(176, 29, 'Giovanni Murazik', 'Ea maxime perspiciatis nihil. Et voluptatem et sit aliquid explicabo libero. Omnis eaque autem vitae culpa repellat. Facilis quaerat officia beatae laboriosam.', 4, '2018-11-14 06:34:03', '2018-11-14 06:34:03'),
(177, 74, 'Mrs. Cleora Feil DVM', 'Doloremque corporis voluptas tempore odit. Et facere voluptatibus voluptatem magni. Omnis debitis itaque esse enim illum veritatis.', 2, '2018-11-14 06:34:03', '2018-11-14 06:34:03'),
(178, 28, 'Jesse Konopelski DVM', 'Laudantium delectus eligendi libero tempore. Qui doloremque earum dolores sit. Autem vitae perspiciatis beatae perferendis odio eum qui.', 5, '2018-11-14 06:34:03', '2018-11-14 06:34:03'),
(179, 49, 'Zetta Towne', 'Nihil voluptatem sunt veritatis adipisci ullam. Laborum enim incidunt est dolorum voluptas at voluptate itaque. Et deserunt totam et eius.', 5, '2018-11-14 06:34:03', '2018-11-14 06:34:03'),
(180, 48, 'Grace Ullrich', 'Ut a sit id libero est sint veritatis. Pariatur eius id quisquam culpa quia. Quia ea alias a. Et blanditiis voluptatibus vitae natus.', 4, '2018-11-14 06:34:03', '2018-11-14 06:34:03'),
(181, 98, 'Prof. Antoinette Smitham DVM', 'Quia ut eum laudantium est dolores rerum et ea. Fugiat dolores dolore et nostrum. Aut quisquam non rerum consequatur hic aut tempore dolorum. Quibusdam numquam explicabo laudantium esse eos et.', 3, '2018-11-14 06:34:03', '2018-11-14 06:34:03'),
(182, 53, 'Margarette Quigley MD', 'Consequatur omnis et qui pariatur nesciunt eveniet consequatur. Exercitationem delectus sapiente voluptatem possimus quaerat id velit.', 5, '2018-11-14 06:34:03', '2018-11-14 06:34:03'),
(183, 43, 'Betsy Wehner', 'Aliquam et iusto et et laudantium. Accusantium aliquid minima qui facere distinctio id dolor. Officiis et nihil et aut nihil eius ea totam. Doloribus beatae et aut autem.', 1, '2018-11-14 06:34:03', '2018-11-14 06:34:03'),
(184, 29, 'Vidal Hammes', 'Expedita doloribus sed dicta hic consectetur. Consequatur est sequi eveniet ab cum. Voluptatem quod et commodi qui nisi alias.', 5, '2018-11-14 06:34:03', '2018-11-14 06:34:03'),
(185, 57, 'Prof. Carolyne Medhurst II', 'Cumque qui occaecati perferendis ad. Autem distinctio unde modi dolores. Perferendis dolorem quaerat ab magni.', 1, '2018-11-14 06:34:03', '2018-11-14 06:34:03'),
(186, 74, 'Ms. Carlee Veum', 'Temporibus voluptas voluptatem ullam at illo deserunt vel atque. Quidem dolor voluptatem iste qui. Sit pariatur velit deserunt voluptatem ea nobis.', 3, '2018-11-14 06:34:03', '2018-11-14 06:34:03'),
(187, 31, 'Braulio Goodwin Jr.', 'Debitis sit eos nam maxime suscipit quibusdam facilis. Placeat amet aliquam rerum laboriosam aperiam aspernatur omnis sapiente.', 5, '2018-11-14 06:34:03', '2018-11-14 06:34:03'),
(188, 6, 'Hilton Champlin', 'Expedita nesciunt et et magni magni. Et ut corrupti omnis et cupiditate quis ipsa. Magni cumque quis eos. Non quibusdam at omnis enim inventore quam.', 1, '2018-11-14 06:34:03', '2018-11-14 06:34:03'),
(189, 35, 'Roman Grimes', 'Cumque soluta dolorem ut repudiandae exercitationem eius nam. Ad at facilis est eligendi eveniet voluptatibus molestiae. Ratione beatae et aspernatur repellat a aspernatur neque.', 5, '2018-11-14 06:34:03', '2018-11-14 06:34:03'),
(190, 10, 'Mariano Denesik', 'Corporis et ut culpa et praesentium voluptatem ut. Excepturi consequuntur consequatur vel sunt omnis ut aspernatur. Ad quidem quisquam optio id.', 3, '2018-11-14 06:34:03', '2018-11-14 06:34:03'),
(191, 51, 'Dr. Gaylord Pfeffer', 'Voluptates enim officiis voluptatum iste. Omnis et molestias in est. Quas nesciunt ducimus rerum maxime.', 4, '2018-11-14 06:34:03', '2018-11-14 06:34:03'),
(192, 44, 'Syble Kunde', 'Dolores nesciunt dolorum autem et. Eaque corporis veritatis optio sunt neque et. Illo unde quisquam blanditiis inventore. Et ducimus quia aut non iste.', 4, '2018-11-14 06:34:03', '2018-11-14 06:34:03'),
(193, 56, 'Kaylin Schroeder', 'Vero nihil quis quis placeat sunt beatae iusto. Ut nisi doloribus quibusdam numquam vero vero. Iure sint sit tempore.', 5, '2018-11-14 06:34:03', '2018-11-14 06:34:03'),
(194, 26, 'Stephen Paucek', 'Nihil harum voluptatem excepturi et sapiente. Et tempore veniam et ut alias est. Accusamus dolorem inventore soluta perspiciatis.', 5, '2018-11-14 06:34:03', '2018-11-14 06:34:03'),
(195, 31, 'Prof. Sebastian Cremin', 'Harum sit consequatur est et. Maiores incidunt et aspernatur iure. Iste autem ut mollitia provident ad ut. Dolor consequatur qui aut.', 0, '2018-11-14 06:34:03', '2018-11-14 06:34:03'),
(196, 92, 'Rosemarie Metz', 'Dolor eius et dolorem asperiores voluptatem. Maxime similique qui illum nisi dolorem aut. Nostrum corrupti earum qui sit voluptatem. Optio aut quo excepturi est commodi.', 1, '2018-11-14 06:34:03', '2018-11-14 06:34:03'),
(197, 94, 'Marianne Dooley Jr.', 'Doloremque ducimus aperiam qui doloremque. Mollitia consequatur adipisci tenetur aspernatur quos. Qui tempora velit esse tempore voluptate doloremque tempora a.', 4, '2018-11-14 06:34:03', '2018-11-14 06:34:03'),
(198, 97, 'Josie Heaney', 'Ullam harum quidem culpa sapiente quis. Quaerat est qui maiores architecto omnis laudantium aut excepturi.', 0, '2018-11-14 06:34:03', '2018-11-14 06:34:03'),
(199, 38, 'Dr. Florence Boyle Sr.', 'Aliquam ab sed dolor expedita. At doloribus optio consequatur. Voluptatem recusandae asperiores minus eveniet et saepe laboriosam. Et quidem nihil aperiam earum quod quam. Labore aut ut ducimus exercitationem itaque maiores voluptatem vel.', 2, '2018-11-14 06:34:03', '2018-11-14 06:34:03'),
(200, 85, 'Margarete Hudson', 'Expedita et iure ex dolor. Praesentium eius doloribus est et tempore et eius deserunt. Ut omnis ut placeat nobis facere ut nulla. Soluta ut rerum enim voluptatem labore et tempore.', 5, '2018-11-14 06:34:03', '2018-11-14 06:34:03'),
(201, 7, 'Prof. Dana Veum', 'Qui cupiditate amet qui odit. Qui sed qui aut. Et ut totam officiis laborum blanditiis placeat ipsum. Neque quod qui vel dicta. Blanditiis id est maxime.', 4, '2018-11-14 06:34:03', '2018-11-14 06:34:03'),
(202, 81, 'Germaine Rempel Jr.', 'Sunt deleniti tempora soluta sunt enim debitis. Vel sed velit sint doloremque cupiditate. Atque atque harum voluptate debitis autem itaque sit beatae. Ratione odio in et qui neque odio sunt.', 1, '2018-11-14 06:34:03', '2018-11-14 06:34:03'),
(203, 1, 'Janessa Beahan', 'Inventore illo sapiente laboriosam eaque. Eum vitae repellendus rem ipsam beatae. Culpa voluptatem culpa occaecati animi corporis voluptates nam magnam.', 1, '2018-11-14 06:34:03', '2018-11-14 06:34:03'),
(204, 73, 'Karli Pacocha', 'Aut consectetur possimus aut molestias vitae qui voluptatibus. Quidem dolorum culpa quia voluptatem dolores vitae. Repellendus odio voluptatem sunt explicabo quia et distinctio. Sequi enim velit aperiam molestiae.', 1, '2018-11-14 06:34:03', '2018-11-14 06:34:03'),
(205, 43, 'Herbert Shields', 'Voluptas numquam excepturi sed sed omnis eligendi nulla. Et sint culpa possimus officia nemo. Et praesentium natus dolor.', 3, '2018-11-14 06:34:03', '2018-11-14 06:34:03'),
(206, 51, 'Ms. Joanie Effertz II', 'Repellat voluptatibus illo adipisci corrupti vero nesciunt. Sit iusto similique molestiae cum. Qui dolor et culpa rerum quae corrupti. Qui quia tempora cumque eos nesciunt ipsa expedita. Accusantium consequatur sed enim.', 0, '2018-11-14 06:34:03', '2018-11-14 06:34:03');
INSERT INTO `reviews` (`id`, `product_id`, `customer`, `review`, `star`, `created_at`, `updated_at`) VALUES
(207, 93, 'Floyd Nader', 'Non et perspiciatis dolores dolorem cupiditate nihil. Aut ipsa et ea eum repudiandae ullam. Excepturi eum corrupti minima cum ad cumque beatae qui. Est eum assumenda aut dolor ea expedita sint.', 5, '2018-11-14 06:34:03', '2018-11-14 06:34:03'),
(208, 96, 'Ottis Stracke', 'Maiores nihil pariatur doloremque. Aspernatur temporibus omnis autem exercitationem corporis est error. Neque excepturi neque tempora debitis et. Natus non amet et deleniti.', 5, '2018-11-14 06:34:03', '2018-11-14 06:34:03'),
(209, 27, 'Dayne Hand', 'Quo autem voluptas laudantium. Deleniti cupiditate id harum sint incidunt ad quia. Deserunt est vitae modi. Est earum placeat placeat.', 5, '2018-11-14 06:34:03', '2018-11-14 06:34:03'),
(210, 9, 'Prof. Wayne Leannon', 'Porro sunt deserunt dignissimos perferendis velit. Quod quis magnam dolores enim. Et aut aliquam aut ipsum nesciunt nobis rem atque. Sunt rerum consectetur magni nisi consequatur commodi.', 5, '2018-11-14 06:34:03', '2018-11-14 06:34:03'),
(211, 55, 'Abraham Kuphal', 'Deleniti exercitationem tenetur cum hic id enim excepturi. Sed necessitatibus eum reprehenderit neque. Earum aut reprehenderit dicta laboriosam maxime et et. Voluptas et quo qui magnam excepturi aut aut. Voluptates ratione et repellat.', 2, '2018-11-14 06:34:03', '2018-11-14 06:34:03'),
(212, 44, 'Tad Bartell', 'Perferendis consequatur cumque atque voluptas velit nostrum doloremque. Voluptatibus optio dignissimos aut reiciendis soluta. Commodi rerum vel molestiae non est et tenetur.', 4, '2018-11-14 06:34:03', '2018-11-14 06:34:03'),
(213, 67, 'Coy Bauch', 'Ullam laboriosam vero sunt sequi. Et illum quibusdam cupiditate eveniet facilis expedita rerum perferendis. Et omnis doloribus delectus consequatur ut. In dolor omnis quis a et dolores.', 1, '2018-11-14 06:34:03', '2018-11-14 06:34:03'),
(214, 38, 'Assunta Wisozk', 'Cumque voluptas sit et autem. Magni saepe numquam illo ea omnis aliquid. Dolor et quaerat quia et amet.', 0, '2018-11-14 06:34:03', '2018-11-14 06:34:03'),
(215, 11, 'Leland Koepp', 'Et occaecati nulla tempora velit consectetur consequatur. Quas est autem repellendus corporis tempora. Ea voluptas earum dicta quidem aliquid qui harum.', 3, '2018-11-14 06:34:03', '2018-11-14 06:34:03'),
(216, 83, 'Levi Medhurst II', 'At provident in sed consequatur et ad. Maxime officiis eaque quasi aut consequuntur ut delectus. Facere amet suscipit ullam quisquam voluptates ipsam. Labore sit dolores et asperiores.', 1, '2018-11-14 06:34:03', '2018-11-14 06:34:03'),
(217, 26, 'Berry Reichert', 'Aliquam quasi fugiat reiciendis consequatur quia et. Quasi quia adipisci explicabo iste odit sit. Totam autem quia tenetur nobis quisquam culpa.', 1, '2018-11-14 06:34:03', '2018-11-14 06:34:03'),
(218, 70, 'Mozelle D\'Amore II', 'Hic dolorum quidem nemo debitis. Eius optio corrupti officia culpa distinctio iste. Qui autem corporis eum a dolorem voluptatibus iusto. Et quae vel facere quibusdam maxime omnis ipsa.', 2, '2018-11-14 06:34:03', '2018-11-14 06:34:03'),
(219, 62, 'Prof. Jesus Beatty MD', 'Nobis sunt cupiditate consequatur adipisci et. Rerum et aut qui reiciendis repellat quis. Aspernatur accusamus excepturi aut maiores tempore.', 0, '2018-11-14 06:34:03', '2018-11-14 06:34:03'),
(220, 100, 'Ms. Aliza Watsica PhD', 'Ipsum qui at molestiae amet asperiores ut. Voluptatum quo cumque nesciunt ex doloremque est non doloremque. Similique accusamus omnis minus maxime. Soluta ex fuga magnam qui ab ipsum voluptatibus.', 4, '2018-11-14 06:34:03', '2018-11-14 06:34:03'),
(221, 10, 'Dr. Naomie Franecki', 'Accusamus ipsa vero explicabo nam exercitationem esse. Mollitia in ea odio deserunt quisquam est. Consequatur provident repudiandae fugit illo atque molestiae. Nam optio non veniam quia voluptas et.', 1, '2018-11-14 06:34:03', '2018-11-14 06:34:03'),
(222, 6, 'Jakayla Eichmann', 'Modi hic odio delectus aut at voluptas quo. Doloribus atque consequatur velit in omnis et perspiciatis quae. Perferendis ad quasi autem sunt.', 0, '2018-11-14 06:34:03', '2018-11-14 06:34:03'),
(223, 28, 'Devon Franecki', 'Earum eum ratione facere ut earum. Ipsum possimus minima sequi quaerat eos. Sint ex laboriosam voluptatibus. Quia numquam praesentium voluptatem pariatur.', 4, '2018-11-14 06:34:03', '2018-11-14 06:34:03'),
(224, 74, 'Gisselle Koch', 'Maxime voluptatum soluta qui. Voluptatem sint facilis reprehenderit a natus. Recusandae voluptatibus minima in hic voluptatem molestiae. Enim quam amet laudantium laboriosam voluptatem ipsum accusantium.', 4, '2018-11-14 06:34:03', '2018-11-14 06:34:03'),
(225, 100, 'Talia Swaniawski', 'Earum temporibus quibusdam molestiae adipisci assumenda esse. Et reiciendis vel officia eius et.', 4, '2018-11-14 06:34:03', '2018-11-14 06:34:03'),
(226, 75, 'Mr. Geovanny Feest III', 'Eos unde non id nostrum. Eos dolorum ut dolorem unde voluptatem voluptate vel non. Nostrum magnam placeat ut iusto officiis. Possimus dignissimos dolor non quia deserunt nisi et doloribus.', 3, '2018-11-14 06:34:03', '2018-11-14 06:34:03'),
(227, 84, 'Dante Nikolaus', 'Illum voluptas perferendis enim perspiciatis. Non alias et similique numquam odit quisquam id veniam. Quo esse velit porro blanditiis dolore suscipit. Vero sed dolorem libero. Exercitationem necessitatibus magnam quasi ut autem qui sunt.', 0, '2018-11-14 06:34:03', '2018-11-14 06:34:03'),
(228, 93, 'Demetris Larson', 'Vitae dolores sed cum quaerat. Ipsam fugit laboriosam laborum aliquid quos rerum harum. Nesciunt labore et explicabo enim inventore nulla. Sapiente at dolor minus sed eum nemo nihil.', 4, '2018-11-14 06:34:03', '2018-11-14 06:34:03'),
(229, 20, 'Deon Turcotte', 'Eligendi ea nesciunt a facere non vel. Quibusdam cum aliquid neque delectus molestiae unde voluptas. Laboriosam sed maxime quisquam omnis veritatis reprehenderit.', 2, '2018-11-14 06:34:03', '2018-11-14 06:34:03'),
(230, 14, 'Mr. Nels Prosacco Jr.', 'Similique quidem dolore modi. Nostrum aut temporibus et et. Aperiam molestiae aut doloremque. Dolor debitis et non eaque voluptatibus.', 4, '2018-11-14 06:34:03', '2018-11-14 06:34:03'),
(231, 63, 'Esmeralda Lebsack', 'Amet est non incidunt non. Nihil qui quia ducimus eligendi. Autem qui sit minima minima ut. Nemo nam velit inventore nobis sit aut sed.', 1, '2018-11-14 06:34:03', '2018-11-14 06:34:03'),
(232, 3, 'Ashley Erdman', 'Ipsum doloremque autem et et. Rerum iure ipsum consequuntur et. Culpa adipisci repellendus amet quaerat qui. Maxime quam veritatis quia tenetur magnam.', 3, '2018-11-14 06:34:03', '2018-11-14 06:34:03'),
(233, 26, 'Miss Julie Prohaska', 'Explicabo quo aspernatur natus quia officiis. Rerum nihil corporis totam aut tempora dicta sed. Consequatur animi qui animi suscipit eum incidunt sint explicabo. Esse incidunt et rerum aperiam qui perspiciatis.', 0, '2018-11-14 06:34:03', '2018-11-14 06:34:03'),
(234, 29, 'Rubie Ferry', 'Nulla qui velit cum non est. Necessitatibus aut iure magnam est esse temporibus quam. Hic quia placeat nihil velit.', 3, '2018-11-14 06:34:03', '2018-11-14 06:34:03'),
(235, 5, 'Prof. Oren Jakubowski', 'Aut odio optio dolores est molestiae est. Et a est laudantium sit esse sequi ut dicta. Eos et impedit at sit qui eveniet non nihil. Temporibus ipsum dolorum placeat perspiciatis. Dolores dignissimos et sunt illo enim magnam.', 1, '2018-11-14 06:34:03', '2018-11-14 06:34:03'),
(236, 23, 'Thelma Veum', 'Et cumque vel voluptas explicabo neque quam. Aut soluta maxime et quos minima dolores. Et odio architecto nobis itaque repellendus. Accusantium saepe earum soluta ut amet. Sed earum est ex labore eius optio et.', 4, '2018-11-14 06:34:03', '2018-11-14 06:34:03'),
(237, 37, 'Ebba Nitzsche', 'Quidem dolor nostrum occaecati omnis dolores aut. Cupiditate laudantium sequi modi qui harum eveniet. Repudiandae ad omnis velit libero architecto deleniti.', 3, '2018-11-14 06:34:03', '2018-11-14 06:34:03'),
(238, 75, 'Prof. Brooke Block I', 'Voluptatem quo qui rem qui recusandae. Sunt vel dolor enim. Inventore ullam similique incidunt et suscipit est.', 1, '2018-11-14 06:34:03', '2018-11-14 06:34:03'),
(239, 27, 'Rusty Turcotte', 'Voluptatem sint officiis explicabo sed omnis non. Possimus qui nam similique. Quo ipsam et aut mollitia eum. Hic quasi impedit nihil odio.', 1, '2018-11-14 06:34:03', '2018-11-14 06:34:03'),
(240, 7, 'Kiara Marvin', 'Quisquam ab autem quas voluptate repellat. In quia unde est sit minima deserunt. Nobis voluptatem quasi sunt. Natus repudiandae ab eius.', 2, '2018-11-14 06:34:03', '2018-11-14 06:34:03'),
(241, 3, 'Tate Rohan', 'Vitae beatae vitae maiores rerum. Alias et non ut hic. Et voluptas cumque voluptatum.', 5, '2018-11-14 06:34:03', '2018-11-14 06:34:03'),
(242, 84, 'Nathanial Rodriguez', 'Deleniti nesciunt consequatur dolore ex est voluptatum laboriosam. Atque consequatur nihil et aperiam minima. Enim quo voluptas molestiae. Nisi nulla sed quibusdam est expedita consequatur occaecati.', 1, '2018-11-14 06:34:03', '2018-11-14 06:34:03'),
(243, 90, 'Dr. Terence Carter', 'Dignissimos ipsum illum incidunt consectetur. Qui cumque molestiae sit delectus architecto illo sequi. Ducimus quia esse voluptatem voluptatibus officia officiis. Delectus quo quis nihil sit quos vero.', 5, '2018-11-14 06:34:03', '2018-11-14 06:34:03'),
(244, 48, 'Burdette Casper', 'Cumque exercitationem ut sapiente praesentium voluptates. Molestiae consequatur velit quisquam blanditiis neque. Aperiam facilis nesciunt in corrupti. Voluptatem sapiente necessitatibus quos vero rerum aperiam fugiat. Maxime quos facere dignissimos laudantium id.', 0, '2018-11-14 06:34:03', '2018-11-14 06:34:03'),
(245, 84, 'Gardner Swift', 'Sequi quo eum eveniet enim. Aperiam quia unde qui ullam labore sapiente ipsum. Aut velit ut officiis veniam perspiciatis.', 2, '2018-11-14 06:34:03', '2018-11-14 06:34:03'),
(246, 80, 'Eveline Feil', 'Hic magnam perspiciatis laudantium voluptas. Hic facilis impedit eos ab quis. Qui sed autem placeat. Aut quibusdam et sint non quo.', 3, '2018-11-14 06:34:03', '2018-11-14 06:34:03'),
(247, 38, 'Prof. Deborah Feeney V', 'Incidunt nulla vitae minima et voluptates laborum ratione nam. Repellendus corporis vel qui qui voluptatem facilis perspiciatis. Repudiandae cumque aut sed accusamus sed minima aut quos.', 4, '2018-11-14 06:34:03', '2018-11-14 06:34:03'),
(248, 21, 'Mandy Wunsch DVM', 'Vitae sit rerum quisquam id quam mollitia facere. Quia impedit labore ipsam non natus. Excepturi porro fugit maiores ut non incidunt nobis. Est officiis eaque vel modi.', 3, '2018-11-14 06:34:03', '2018-11-14 06:34:03'),
(249, 81, 'Jeramy Wintheiser', 'Occaecati doloribus laboriosam non qui eaque vitae. Fugiat enim voluptas dolorem sapiente nesciunt. Ut id a est pariatur non cum. Et vel consequuntur non sint veritatis quibusdam expedita.', 3, '2018-11-14 06:34:03', '2018-11-14 06:34:03'),
(250, 85, 'Prof. Guiseppe Bins V', 'Enim numquam debitis maiores adipisci. Voluptas dicta fugit harum qui rem. Mollitia doloribus voluptate incidunt aut.', 1, '2018-11-14 06:34:03', '2018-11-14 06:34:03'),
(251, 80, 'Andrew Hammes', 'Consequuntur voluptate qui alias sed aut similique. Distinctio est exercitationem nihil voluptatem eaque. Occaecati ea maxime eum culpa qui ut laboriosam.', 4, '2018-11-14 06:34:03', '2018-11-14 06:34:03'),
(252, 53, 'Quincy Turner', 'Quibusdam et quod voluptatum iusto est necessitatibus. Sint officia reprehenderit quis voluptatem. Voluptatum doloribus accusantium omnis exercitationem.', 0, '2018-11-14 06:34:03', '2018-11-14 06:34:03'),
(253, 13, 'Mr. Delbert Schultz Jr.', 'Inventore incidunt est voluptatibus libero laborum. Atque sed adipisci repellendus ad ut. Et molestias et et aut et aut. Omnis maxime aut voluptatem aut odio explicabo est.', 4, '2018-11-14 06:34:03', '2018-11-14 06:34:03'),
(254, 19, 'Lelah Nikolaus II', 'Autem dolor reiciendis ad reiciendis. Ipsam qui explicabo incidunt nihil perferendis. Aut ad velit minima consequatur error amet.', 5, '2018-11-14 06:34:03', '2018-11-14 06:34:03'),
(255, 73, 'Mr. Lorenza Brekke', 'Dolor voluptate porro amet non. Velit cum consequuntur sunt dolores praesentium suscipit ut et. Occaecati dolor blanditiis tenetur id veritatis accusantium qui. Nisi nulla aperiam itaque et.', 2, '2018-11-14 06:34:03', '2018-11-14 06:34:03'),
(256, 87, 'Edgardo Reinger', 'Libero voluptatem voluptate sint magnam voluptatem ut. Enim est inventore odit id. Ea iusto iusto quidem recusandae eaque in. Fugiat in tenetur ipsum voluptas eos ut voluptate.', 3, '2018-11-14 06:34:03', '2018-11-14 06:34:03'),
(257, 30, 'Jordyn Pollich', 'Eos quis quasi eum et sed neque et. Neque voluptates pariatur voluptatum et eum odit. Ut sint praesentium ea quia. Qui dolorum qui et vel autem ullam repellat.', 3, '2018-11-14 06:34:03', '2018-11-14 06:34:03'),
(258, 80, 'Mr. Deontae Cummerata Jr.', 'Quos nemo voluptas mollitia quo doloremque sed. Voluptatem voluptatem incidunt neque nostrum. Ullam voluptatem quos dolor quae ipsum. Nulla in non dolor repellendus vitae rerum.', 0, '2018-11-14 06:34:03', '2018-11-14 06:34:03'),
(259, 94, 'Kaci Luettgen IV', 'Quas amet consequatur nihil et reiciendis sed nulla. Eum illo eum reiciendis a. Voluptas perferendis qui necessitatibus consequatur assumenda. Sint id rerum omnis porro ipsum.', 3, '2018-11-14 06:34:03', '2018-11-14 06:34:03'),
(260, 8, 'Bernita Streich II', 'Eaque nihil sunt id esse et. Dolorem cum incidunt inventore ab mollitia. Doloremque minima hic voluptatem qui. Aut omnis et voluptatibus sit sit repudiandae dolorem.', 3, '2018-11-14 06:34:03', '2018-11-14 06:34:03'),
(261, 27, 'Mr. Tatum Hirthe PhD', 'Labore nam tenetur veritatis perspiciatis amet labore reprehenderit. Laudantium omnis eum autem porro nesciunt excepturi. Et omnis culpa explicabo placeat molestiae.', 4, '2018-11-14 06:34:03', '2018-11-14 06:34:03'),
(262, 42, 'Dr. Aurelia Greenfelder', 'Consequatur reiciendis dolorem sunt. Hic est molestias sed id exercitationem ut similique ad.', 2, '2018-11-14 06:34:03', '2018-11-14 06:34:03'),
(263, 2, 'Kiara Russel', 'Fuga vitae cupiditate nam est dicta sint. Asperiores nulla optio dolor. Officiis similique non nesciunt tenetur.', 3, '2018-11-14 06:34:03', '2018-11-14 06:34:03'),
(264, 58, 'Mrs. Bianka Cummings', 'Omnis sit voluptatum dolor sunt minima quia. Quaerat sit hic fugit nulla qui qui. Et saepe omnis quod ea aliquam.', 3, '2018-11-14 06:34:03', '2018-11-14 06:34:03'),
(265, 6, 'Nathaniel Runte', 'Inventore et et labore ipsam ipsum in. Iusto iste veniam blanditiis. Eos dolor itaque non suscipit et. Qui amet pariatur et distinctio ut ut dolor dolor.', 1, '2018-11-14 06:34:03', '2018-11-14 06:34:03'),
(266, 73, 'Mr. Gerhard Tillman Sr.', 'Voluptatem cum ipsum reprehenderit sunt sed repellendus. Magnam maiores sed explicabo architecto recusandae quisquam. Nostrum voluptatem facere quidem impedit ut culpa voluptatum. Et nisi enim eaque illum culpa laborum fugiat.', 5, '2018-11-14 06:34:03', '2018-11-14 06:34:03'),
(267, 43, 'Maureen Smitham', 'Aut corrupti ipsa aut ducimus. Sit odio sunt possimus quod voluptates eveniet nisi. Reiciendis non aut assumenda temporibus voluptatem iste quis.', 4, '2018-11-14 06:34:03', '2018-11-14 06:34:03'),
(268, 22, 'Alia Stracke', 'Possimus id veritatis enim quo. Omnis saepe voluptatibus quidem beatae ipsa. Aliquid sit aperiam ut ut quia.', 0, '2018-11-14 06:34:03', '2018-11-14 06:34:03'),
(269, 34, 'Mrs. Leola Schiller DVM', 'Ut aut officia perferendis. Corrupti molestiae natus consequatur perspiciatis et. Qui pariatur exercitationem enim minima numquam. Sunt repellat cupiditate repellat repellendus voluptates necessitatibus odio.', 2, '2018-11-14 06:34:03', '2018-11-14 06:34:03'),
(270, 10, 'Keegan Monahan', 'Voluptas modi rerum voluptatem aliquam fugit. Repellendus aut eum voluptate id. Quia voluptatem nihil magni dolor possimus modi maiores.', 2, '2018-11-14 06:34:03', '2018-11-14 06:34:03'),
(271, 21, 'Tressa Moore', 'Assumenda et sunt perspiciatis et nesciunt non commodi. Rem ut saepe officia magni maxime. Quod delectus alias sed hic consectetur veniam delectus. Vitae cumque at voluptatibus perferendis.', 3, '2018-11-14 06:34:03', '2018-11-14 06:34:03'),
(272, 7, 'Mr. Makenna Homenick DDS', 'Et est quis id cumque reiciendis molestias. Tenetur ipsa asperiores molestiae hic maiores quia inventore consectetur. Qui debitis repellat similique quo laborum rerum ut. Facere doloremque et quis. Facilis aut qui et eveniet facilis.', 1, '2018-11-14 06:34:03', '2018-11-14 06:34:03'),
(273, 20, 'Dr. Mabel Murphy', 'Hic ut optio distinctio mollitia. Ratione vero ea aut sunt. Eos delectus nemo fugit libero voluptate.', 1, '2018-11-14 06:34:03', '2018-11-14 06:34:03'),
(274, 100, 'Tony Schmeler', 'Vel non quidem quia distinctio illum aut quod. Expedita ipsa quas illum labore. Tempora ratione consectetur perferendis labore.', 5, '2018-11-14 06:34:03', '2018-11-14 06:34:03'),
(275, 30, 'Ms. Reanna Shields', 'Aliquid non odit possimus nobis. Doloremque voluptate totam quibusdam sint et. Quasi maxime expedita qui omnis aut distinctio et. Ipsum tempora in laborum sequi et a necessitatibus voluptas.', 0, '2018-11-14 06:34:03', '2018-11-14 06:34:03'),
(276, 90, 'Vidal Pacocha', 'Quibusdam error omnis veritatis sed voluptas. Qui corrupti est officiis. Veritatis deleniti id aut est delectus officiis.', 4, '2018-11-14 06:34:03', '2018-11-14 06:34:03'),
(277, 69, 'Daron Braun', 'Qui repudiandae quis omnis officiis voluptas rem. Dicta voluptates et consectetur quia nobis nisi laborum. Qui in sequi qui consequatur qui eum saepe. Impedit ad et aperiam id at sit maxime aut.', 3, '2018-11-14 06:34:03', '2018-11-14 06:34:03'),
(278, 46, 'Wilma Friesen', 'Ipsam odit non rem quod voluptates at quia. Labore veritatis voluptatem commodi consequatur voluptas natus. Eius ea incidunt deleniti veniam fugiat.', 4, '2018-11-14 06:34:03', '2018-11-14 06:34:03'),
(279, 20, 'Morgan Donnelly', 'Possimus est quia consequatur laborum dolor ex aliquam deserunt. Ipsa officiis aut sapiente consequatur ratione. Quo ab possimus sunt corporis. Nisi voluptatum omnis perspiciatis sit labore.', 2, '2018-11-14 06:34:03', '2018-11-14 06:34:03'),
(280, 50, 'Donald Feest Jr.', 'Dignissimos qui eos quis illum. Molestiae dignissimos repellendus vel repellat voluptate alias ullam. Atque corrupti inventore quisquam nisi ad debitis cumque.', 2, '2018-11-14 06:34:03', '2018-11-14 06:34:03'),
(281, 82, 'Javonte Hammes', 'Perspiciatis placeat nesciunt odit vero enim cupiditate. Et iusto aspernatur qui vel. At voluptatem nulla quod voluptatem ea.', 0, '2018-11-14 06:34:03', '2018-11-14 06:34:03'),
(282, 67, 'Adaline Goldner', 'Est temporibus qui est eaque libero. Aliquid aut voluptates quibusdam aut cum quibusdam. Molestias aut necessitatibus doloribus adipisci. Sequi enim saepe eos et neque voluptas iusto. Dolorem eius eaque cumque accusamus rerum quia.', 5, '2018-11-14 06:34:03', '2018-11-14 06:34:03'),
(283, 47, 'Ms. Maddison Hackett V', 'Dolor soluta ducimus officia voluptatem omnis est sit. Est veritatis nulla quo sit consequatur. Rerum aut sit aut porro. Rerum dolorem corrupti dicta. Error dolor ipsa mollitia ipsam vitae.', 2, '2018-11-14 06:34:03', '2018-11-14 06:34:03'),
(284, 51, 'Dr. Bernhard Stokes', 'Eius saepe rerum sit amet veniam dolorum ut modi. Cum ut veniam est at qui magnam. Aut optio omnis odit aut vero et eius. Nemo est aut sit et possimus mollitia omnis. Tenetur magni sunt voluptas consequatur modi velit.', 1, '2018-11-14 06:34:03', '2018-11-14 06:34:03'),
(285, 97, 'Mrs. Haven Farrell Jr.', 'Odit illo aut ipsum qui. Nihil ut quos quia. Id eos voluptas incidunt veniam. Quos perspiciatis nemo quidem maiores quia. Atque ut dolorum quia ex consectetur.', 1, '2018-11-14 06:34:03', '2018-11-14 06:34:03'),
(286, 10, 'Mrs. Tia Gerlach', 'Facilis sapiente voluptas sed maxime non. Quam et molestias praesentium eveniet nostrum voluptas. Recusandae et sapiente earum.', 1, '2018-11-14 06:34:03', '2018-11-14 06:34:03'),
(287, 93, 'Stanton Murray', 'Vel rem sunt est laborum perferendis. Dolores reprehenderit harum rem totam doloribus. Animi deleniti beatae non consequatur odit vel non. Repellat sed maiores rerum est accusamus aut ab qui.', 0, '2018-11-14 06:34:03', '2018-11-14 06:34:03'),
(288, 97, 'Marilyne Langworth', 'Aut maxime quibusdam aliquam reprehenderit et. Itaque eius ut placeat qui. Et quibusdam voluptatem id aut ab voluptatem quo.', 4, '2018-11-14 06:34:03', '2018-11-14 06:34:03'),
(289, 9, 'Albertha Frami', 'A perspiciatis quia adipisci. Expedita voluptatem et ad ut est. Perferendis fuga rerum facere molestiae pariatur.', 2, '2018-11-14 06:34:03', '2018-11-14 06:34:03'),
(290, 30, 'Maxwell Weber MD', 'Voluptates eum sed numquam quibusdam suscipit. Qui hic voluptas cupiditate soluta voluptatem officiis.', 5, '2018-11-14 06:34:03', '2018-11-14 06:34:03'),
(291, 50, 'Manley Metz', 'Odio eaque et quae quis earum temporibus facere. Non omnis vel est molestiae qui suscipit. Blanditiis vel et quisquam dolore voluptas dolores magnam. Molestias neque necessitatibus alias omnis inventore assumenda nobis.', 3, '2018-11-14 06:34:03', '2018-11-14 06:34:03'),
(292, 31, 'Neoma Haley', 'Assumenda cupiditate quis ut maiores provident. Voluptatibus temporibus tempora nobis quia cupiditate sed. Voluptatem repudiandae natus sed maiores.', 4, '2018-11-14 06:34:03', '2018-11-14 06:34:03'),
(293, 74, 'Mariana Ritchie', 'Inventore sit dolor dolorem saepe quibusdam quisquam. Autem qui sed deserunt nemo. Recusandae dignissimos sequi et autem. Alias consequatur suscipit quia quaerat omnis ut corporis.', 1, '2018-11-14 06:34:03', '2018-11-14 06:34:03'),
(294, 8, 'Reanna West', 'Corporis quia et ratione sit aut magnam et. Quas facilis accusamus et qui quae nobis est.', 1, '2018-11-14 06:34:03', '2018-11-14 06:34:03'),
(295, 80, 'Freeman Jacobi', 'Maxime voluptate qui voluptates. Qui hic voluptatem et ut ducimus nulla doloribus est. Ut vero et est at blanditiis. Beatae qui animi rerum provident veniam fugiat deserunt ipsam.', 3, '2018-11-14 06:34:03', '2018-11-14 06:34:03'),
(296, 32, 'David Reinger', 'Ratione et voluptatem eius ut vitae dolorum. Consequuntur eveniet rerum eligendi nostrum laborum sunt. Vitae reiciendis maxime asperiores id quaerat. Debitis itaque ut sed rerum.', 4, '2018-11-14 06:34:03', '2018-11-14 06:34:03'),
(297, 38, 'Dr. Glennie Muller', 'Veniam soluta velit id et vero voluptatibus. Est consequuntur voluptate tempora aut. Et vel quasi maiores in dolores nihil odio dolorum.', 4, '2018-11-14 06:34:03', '2018-11-14 06:34:03'),
(298, 35, 'Giles Koepp', 'Quis quisquam hic est blanditiis accusamus quis dignissimos. Voluptatem est ex debitis eos. Consequatur pariatur et quod reprehenderit aut qui.', 2, '2018-11-14 06:34:03', '2018-11-14 06:34:03'),
(299, 91, 'Michale Donnelly Jr.', 'Error autem rerum corrupti natus alias qui. Est cumque esse dolorem et sunt blanditiis et debitis. Et sequi magni et expedita qui ea molestiae.', 3, '2018-11-14 06:34:03', '2018-11-14 06:34:03'),
(300, 45, 'Prof. Lucile Price', 'Occaecati quisquam nam quibusdam nihil est. Perferendis error sequi recusandae. Ad et et consequatur deserunt et distinctio. Voluptate voluptas autem earum sit ut.', 2, '2018-11-14 06:34:03', '2018-11-14 06:34:03');

-- --------------------------------------------------------

--
-- Table structure for table `users`
--

DROP TABLE IF EXISTS `users`;
CREATE TABLE IF NOT EXISTS `users` (
  `id` int(10) UNSIGNED NOT NULL AUTO_INCREMENT,
  `name` varchar(255) COLLATE utf8_unicode_ci NOT NULL,
  `email` varchar(255) COLLATE utf8_unicode_ci NOT NULL,
  `email_verified_at` timestamp NULL DEFAULT NULL,
  `password` varchar(255) COLLATE utf8_unicode_ci NOT NULL,
  `remember_token` varchar(100) COLLATE utf8_unicode_ci DEFAULT NULL,
  `created_at` timestamp NULL DEFAULT NULL,
  `updated_at` timestamp NULL DEFAULT NULL,
  PRIMARY KEY (`id`),
  UNIQUE KEY `users_email_unique` (`email`)
) ENGINE=MyISAM AUTO_INCREMENT=2 DEFAULT CHARSET=utf8 COLLATE=utf8_unicode_ci;

--
-- Dumping data for table `users`
--

INSERT INTO `users` (`id`, `name`, `email`, `email_verified_at`, `password`, `remember_token`, `created_at`, `updated_at`) VALUES
(1, 'Jane Doe', 'guribhullar8@gmail.com', NULL, '$2y$10$UnK58IZmnkPFMBPRtU1ZO.FnGt0Itama686QeuaLLz1pcD1z2dSTO', NULL, '2018-11-15 01:59:28', '2018-11-15 01:59:28');
COMMIT;

/*!40101 SET CHARACTER_SET_CLIENT=@OLD_CHARACTER_SET_CLIENT */;
/*!40101 SET CHARACTER_SET_RESULTS=@OLD_CHARACTER_SET_RESULTS */;
/*!40101 SET COLLATION_CONNECTION=@OLD_COLLATION_CONNECTION */;
